,State,District,notes,active,confirmed,migratedother,deceased,recovered,delta,delta_confirmed,delta_deceased,delta_recovered
0,State Unassigned,Unassigned,,0,0,0,0,0,"{'confirmed': 0, 'deceased': 0, 'recovered': 0}",0,0,0
1,Andaman and Nicobar Islands,Nicobars,District-wise numbers are out-dated as cumulative counts for each district are not reported in bulletin,0,0,0,0,0,"{'confirmed': 0, 'deceased': 0, 'recovered': 0}",0,0,0
2,Andaman and Nicobar Islands,North and Middle Andaman,District-wise numbers are out-dated as cumulative counts for each district are not reported in bulletin,0,1,0,0,1,"{'confirmed': 0, 'deceased': 0, 'recovered': 0}",0,0,0
3,Andaman and Nicobar Islands,South Andaman,District-wise numbers are out-dated as cumulative counts for each district are not reported in bulletin,19,51,0,0,32,"{'confirmed': 0, 'deceased': 0, 'recovered': 0}",0,0,0
4,Andaman and Nicobar Islands,Unknown,,-13,7496,0,129,7380,"{'confirmed': 0, 'deceased': 0, 'recovered': 0}",0,0,0
5,Andhra Pradesh,Foreign Evacuees,,0,434,0,0,434,"{'confirmed': 0, 'deceased': 0, 'recovered': 0}",0,0,0
6,Andhra Pradesh,Anantapur,,247,156673,0,1089,155337,"{'confirmed': 51, 'deceased': 1, 'recovered': 45}",51,1,45
7,Andhra Pradesh,Chittoor,,2778,234198,0,1783,229637,"{'confirmed': 175, 'deceased': 5, 'recovered': 360}",175,5,360
8,Andhra Pradesh,East Godavari,,3065,281384,0,1232,277087,"{'confirmed': 385, 'deceased': 1, 'recovered': 502}",385,1,502
9,Andhra Pradesh,Guntur,,1605,169978,0,1163,167210,"{'confirmed': 222, 'deceased': 2, 'recovered': 211}",222,2,211
10,Andhra Pradesh,Krishna,,3111,111221,0,1250,106860,"{'confirmed': 148, 'deceased': 3, 'recovered': 187}",148,3,187
11,Andhra Pradesh,Kurnool,,216,123525,0,844,122465,"{'confirmed': 10, 'deceased': 0, 'recovered': 26}",10,0,26
12,Andhra Pradesh,Other State,,0,2461,0,0,2461,"{'confirmed': 0, 'deceased': 0, 'recovered': 0}",0,0,0
13,Andhra Pradesh,Prakasam,,1470,131478,0,1023,128985,"{'confirmed': 98, 'deceased': 3, 'recovered': 188}",98,3,188
14,Andhra Pradesh,S.P.S. Nellore,,2591,136685,0,973,133121,"{'confirmed': 177, 'deceased': 1, 'recovered': 168}",177,1,168
15,Andhra Pradesh,Srikakulam,,557,121217,0,769,119891,"{'confirmed': 82, 'deceased': 0, 'recovered': 45}",82,0,45
16,Andhra Pradesh,Visakhapatnam,,544,153395,0,1089,151762,"{'confirmed': 63, 'deceased': 1, 'recovered': 181}",63,1,181
17,Andhra Pradesh,Vizianagaram,,225,81707,0,669,80813,"{'confirmed': 21, 'deceased': 0, 'recovered': 16}",21,0,16
18,Andhra Pradesh,West Godavari,,1422,171354,0,1071,168861,"{'confirmed': 304, 'deceased': 1, 'recovered': 243}",304,1,243
19,Andhra Pradesh,Y.S.R. Kadapa,,586,111341,0,627,110128,"{'confirmed': 133, 'deceased': 0, 'recovered': 144}",133,0,144
20,Arunachal Pradesh,Anjaw,,48,985,0,3,934,"{'confirmed': 3, 'deceased': 0, 'recovered': 3}",3,0,3
21,Arunachal Pradesh,Changlang,,71,3621,0,20,3530,"{'confirmed': 9, 'deceased': 0, 'recovered': 6}",9,0,6
22,Arunachal Pradesh,East Kameng,,35,1066,0,0,1031,"{'confirmed': 5, 'deceased': 0, 'recovered': 3}",5,0,3
23,Arunachal Pradesh,East Siang,,102,2936,0,17,2817,"{'confirmed': 5, 'deceased': 0, 'recovered': 5}",5,0,5
24,Arunachal Pradesh,Kamle,,60,460,0,0,400,"{'confirmed': 2, 'deceased': 0, 'recovered': 8}",2,0,8
25,Arunachal Pradesh,Kra Daadi,,7,256,0,0,249,"{'confirmed': 0, 'deceased': 0, 'recovered': 0}",0,0,0
26,Arunachal Pradesh,Kurung Kumey,,2,507,0,1,504,"{'confirmed': 0, 'deceased': 0, 'recovered': 5}",0,0,5
27,Arunachal Pradesh,Lepa Rada,,41,762,0,2,719,"{'confirmed': 5, 'deceased': 0, 'recovered': 2}",5,0,2
28,Arunachal Pradesh,Lohit,,144,2656,0,26,2486,"{'confirmed': 11, 'deceased': 1, 'recovered': 5}",11,1,5
29,Arunachal Pradesh,Longding,,14,728,0,2,712,"{'confirmed': 2, 'deceased': 0, 'recovered': 2}",2,0,2
30,Arunachal Pradesh,Lower Dibang Valley,,89,2147,0,9,2049,"{'confirmed': 5, 'deceased': 0, 'recovered': 0}",5,0,0
31,Arunachal Pradesh,Lower Siang,,50,703,0,8,645,"{'confirmed': 8, 'deceased': 0, 'recovered': 14}",8,0,14
32,Arunachal Pradesh,Lower Subansiri,,333,2610,0,11,2266,"{'confirmed': 15, 'deceased': 0, 'recovered': 17}",15,0,17
33,Arunachal Pradesh,Namsai,,48,1958,0,15,1895,"{'confirmed': 7, 'deceased': 0, 'recovered': 0}",7,0,0
34,Arunachal Pradesh,Pakke Kessang,,9,390,0,0,381,"{'confirmed': 1, 'deceased': 0, 'recovered': 0}",1,0,0
35,Arunachal Pradesh,Papum Pare,,844,17113,0,87,16182,"{'confirmed': 65, 'deceased': 1, 'recovered': 112}",65,1,112
36,Arunachal Pradesh,Shi Yomi,,25,221,0,0,196,"{'confirmed': 2, 'deceased': 0, 'recovered': 0}",2,0,0
37,Arunachal Pradesh,Siang,,27,393,0,3,363,"{'confirmed': 3, 'deceased': 0, 'recovered': 5}",3,0,5
38,Arunachal Pradesh,Tawang,,115,2283,0,17,2151,"{'confirmed': 12, 'deceased': 0, 'recovered': 6}",12,0,6
39,Arunachal Pradesh,Tirap,,20,1005,0,3,982,"{'confirmed': 2, 'deceased': 0, 'recovered': 6}",2,0,6
40,Arunachal Pradesh,Upper Dibang Valley,,26,290,0,2,262,"{'confirmed': 3, 'deceased': 0, 'recovered': 1}",3,0,1
41,Arunachal Pradesh,Upper Siang,,76,881,0,1,804,"{'confirmed': 1, 'deceased': 0, 'recovered': 0}",1,0,0
42,Arunachal Pradesh,Upper Subansiri,,80,1903,0,6,1817,"{'confirmed': 6, 'deceased': 1, 'recovered': 1}",6,1,1
43,Arunachal Pradesh,West Kameng,,171,3194,0,13,3010,"{'confirmed': 9, 'deceased': 0, 'recovered': 15}",9,0,15
44,Arunachal Pradesh,West Siang,,51,1725,0,5,1669,"{'confirmed': 7, 'deceased': 0, 'recovered': 17}",7,0,17
45,Assam,Airport Quarantine,,0,13,0,0,13,"{'confirmed': 0, 'deceased': 0, 'recovered': 0}",0,0,0
46,Assam,Baksa,,5510,6013,0,56,447,"{'confirmed': 9, 'deceased': 0, 'recovered': 0}",9,0,0
47,Assam,Barpeta,,10368,11543,0,151,1024,"{'confirmed': 72, 'deceased': 0, 'recovered': 0}",72,0,0
48,Assam,Biswanath,,8010,8439,0,50,379,"{'confirmed': 34, 'deceased': 0, 'recovered': 0}",34,0,0
49,Assam,Bongaigaon,,5321,6222,0,67,834,"{'confirmed': 14, 'deceased': 0, 'recovered': 0}",14,0,0
50,Assam,Cachar,,22029,23713,0,186,1498,"{'confirmed': 21, 'deceased': 1, 'recovered': 0}",21,1,0
51,Assam,Charaideo,,3312,3464,0,47,105,"{'confirmed': 4, 'deceased': 0, 'recovered': 0}",4,0,0
52,Assam,Chirang,,2353,2606,0,34,219,"{'confirmed': 14, 'deceased': 0, 'recovered': 0}",14,0,0
53,Assam,Darrang,,8315,10144,0,99,1730,"{'confirmed': 18, 'deceased': 0, 'recovered': 0}",18,0,0
54,Assam,Dhemaji,,6769,7248,0,39,440,"{'confirmed': 26, 'deceased': 0, 'recovered': 0}",26,0,0
55,Assam,Dhubri,,6590,7856,0,51,1215,"{'confirmed': 5, 'deceased': 1, 'recovered': 0}",5,1,0
56,Assam,Dibrugarh,,30197,32973,0,367,2409,"{'confirmed': 42, 'deceased': 2, 'recovered': 0}",42,2,0
57,Assam,Dima Hasao,,2880,3091,0,12,199,"{'confirmed': 8, 'deceased': 0, 'recovered': 0}",8,0,0
58,Assam,Goalpara,,38,10532,0,81,568,"{'confirmed': 19, 'deceased': 0, 'recovered': 0}",19,0,0
59,Assam,Golaghat,,19914,21779,0,209,1656,"{'confirmed': 50, 'deceased': 0, 'recovered': 0}",50,0,0
60,Assam,Hailakandi,,4929,6079,0,34,1116,"{'confirmed': 4, 'deceased': 0, 'recovered': 0}",4,0,0
61,Assam,Hojai,,5795,7058,0,103,1160,"{'confirmed': 17, 'deceased': 0, 'recovered': 0}",17,0,0
62,Assam,Jorhat,,21134,23152,0,266,1752,"{'confirmed': 38, 'deceased': 0, 'recovered': 0}",38,0,0
63,Assam,Kamrup,,28948,31268,0,246,2074,"{'confirmed': 46, 'deceased': 1, 'recovered': 0}",46,1,0
64,Assam,Kamrup Metropolitan,,86012,102179,0,797,15370,"{'confirmed': 161, 'deceased': 2, 'recovered': 0}",161,2,0
65,Assam,Karbi Anglong,,6131,6787,0,104,552,"{'confirmed': 17, 'deceased': 0, 'recovered': 0}",17,0,0
66,Assam,Karimganj,,6649,7690,0,86,955,"{'confirmed': 10, 'deceased': 0, 'recovered': 0}",10,0,0
67,Assam,Kokrajhar,,4898,5311,0,60,353,"{'confirmed': 11, 'deceased': 1, 'recovered': 0}",11,1,0
68,Assam,Lakhimpur,,12699,13925,0,91,1135,"{'confirmed': 42, 'deceased': 0, 'recovered': 0}",42,0,0
69,Assam,Majuli,,1686,1774,0,8,80,"{'confirmed': 11, 'deceased': 0, 'recovered': 0}",11,0,0
70,Assam,Morigaon,,12264,12888,0,67,557,"{'confirmed': 32, 'deceased': 0, 'recovered': 0}",32,0,0
71,Assam,Nagaon,,20934,23628,0,188,2506,"{'confirmed': 34, 'deceased': 1, 'recovered': 0}",34,1,0
72,Assam,Nalbari,,8686,9612,0,98,828,"{'confirmed': 41, 'deceased': 0, 'recovered': 0}",41,0,0
73,Assam,Other State,,152,153,0,0,1,"{'confirmed': 0, 'deceased': 0, 'recovered': 0}",0,0,0
74,Assam,Sivasagar,,9278,9911,0,160,473,"{'confirmed': 17, 'deceased': 1, 'recovered': 0}",17,1,0
75,Assam,Sonitpur,,17905,19836,0,204,1727,"{'confirmed': 25, 'deceased': 1, 'recovered': 0}",25,1,0
76,Assam,South Salmara Mankachar,,1776,1839,0,16,47,"{'confirmed': 1, 'deceased': 0, 'recovered': 0}",1,0,0
77,Assam,Tinsukia,,17346,19387,0,243,1798,"{'confirmed': 25, 'deceased': 0, 'recovered': 0}",25,0,0
78,Assam,Udalguri,,4684,5418,0,68,666,"{'confirmed': 14, 'deceased': 2, 'recovered': 0}",14,2,0
79,Assam,West Karbi Anglong,,1193,1233,0,3,37,"{'confirmed': 4, 'deceased': 1, 'recovered': 0}",4,1,0
80,Assam,Unknown,,-405078,112271,1347,1143,514859,"{'confirmed': 0, 'deceased': 0, 'recovered': 0}",0,0,0
81,Bihar,Araria,,8,14958,0,116,14834,"{'confirmed': 0, 'deceased': 0, 'recovered': 0}",0,0,0
82,Bihar,Arwal,,8,7377,0,74,7295,"{'confirmed': 0, 'deceased': 0, 'recovered': 0}",0,0,0
83,Bihar,Aurangabad,,0,20009,0,75,19934,"{'confirmed': 1, 'deceased': 0, 'recovered': 2}",1,0,2
84,Bihar,Banka,,0,7378,0,112,7266,"{'confirmed': 1, 'deceased': 0, 'recovered': 1}",1,0,1
85,Bihar,Begusarai,,7,27181,0,457,26717,"{'confirmed': 9, 'deceased': 0, 'recovered': 3}",9,0,3
86,Bihar,Bhagalpur,,12,25825,0,309,25504,"{'confirmed': 1, 'deceased': 0, 'recovered': 1}",1,0,1
87,Bihar,Bhojpur,,9,10172,0,159,10004,"{'confirmed': 1, 'deceased': 0, 'recovered': 0}",1,0,0
88,Bihar,Buxar,,0,9248,0,182,9066,"{'confirmed': 0, 'deceased': 0, 'recovered': 0}",0,0,0
89,Bihar,Darbhanga,,27,10897,0,366,10504,"{'confirmed': 5, 'deceased': 0, 'recovered': -1}",5,0,-1
90,Bihar,East Champaran,,22,19000,0,430,18548,"{'confirmed': 1, 'deceased': 0, 'recovered': 4}",1,0,4
91,Bihar,Gaya,,6,33937,0,279,33652,"{'confirmed': 2, 'deceased': 0, 'recovered': 1}",2,0,1
92,Bihar,Gopalganj,,1,16671,0,94,16576,"{'confirmed': 2, 'deceased': 0, 'recovered': 1}",2,0,1
93,Bihar,Jamui,,4,9410,0,106,9300,"{'confirmed': 0, 'deceased': 0, 'recovered': 2}",0,0,2
94,Bihar,Jehanabad,,0,10770,0,109,10661,"{'confirmed': 0, 'deceased': 0, 'recovered': 0}",0,0,0
95,Bihar,Kaimur,,0,4983,0,147,4836,"{'confirmed': 0, 'deceased': 0, 'recovered': 0}",0,0,0
96,Bihar,Katihar,,14,18119,0,94,18011,"{'confirmed': 0, 'deceased': 0, 'recovered': 1}",0,0,1
97,Bihar,Khagaria,,0,10054,0,88,9966,"{'confirmed': 3, 'deceased': 0, 'recovered': 3}",3,0,3
98,Bihar,Kishanganj,,15,10103,0,66,10022,"{'confirmed': 1, 'deceased': 0, 'recovered': 2}",1,0,2
99,Bihar,Lakhisarai,,6,7768,0,102,7660,"{'confirmed': 0, 'deceased': 0, 'recovered': 0}",0,0,0
100,Bihar,Madhepura,,8,12519,0,111,12400,"{'confirmed': 0, 'deceased': 0, 'recovered': 5}",0,0,5
101,Bihar,Madhubani,,4,18332,0,337,17991,"{'confirmed': 2, 'deceased': 0, 'recovered': 2}",2,0,2
102,Bihar,Munger,,3,15101,0,158,14940,"{'confirmed': 0, 'deceased': 0, 'recovered': 0}",0,0,0
103,Bihar,Muzaffarpur,,12,31379,0,621,30746,"{'confirmed': 0, 'deceased': 0, 'recovered': 1}",0,0,1
104,Bihar,Nalanda,,14,23421,0,468,22939,"{'confirmed': 1, 'deceased': 0, 'recovered': 0}",1,0,0
105,Bihar,Nawada,,2,10344,0,178,10164,"{'confirmed': 2, 'deceased': 0, 'recovered': 2}",2,0,2
106,Bihar,Patna,,38,146831,0,2330,144463,"{'confirmed': 5, 'deceased': 0, 'recovered': 3}",5,0,3
107,Bihar,Purnia,,3,24406,0,180,24223,"{'confirmed': 0, 'deceased': 0, 'recovered': 0}",0,0,0
108,Bihar,Rohtas,,7,13958,0,269,13682,"{'confirmed': 0, 'deceased': 0, 'recovered': 0}",0,0,0
109,Bihar,Saharsa,,3,17591,0,134,17454,"{'confirmed': 2, 'deceased': 0, 'recovered': 2}",2,0,2
110,Bihar,Samastipur,,19,19977,0,154,19804,"{'confirmed': 2, 'deceased': 0, 'recovered': 7}",2,0,7
111,Bihar,Saran,,1,23267,0,255,23011,"{'confirmed': 3, 'deceased': 0, 'recovered': 3}",3,0,3
112,Bihar,Sheikhpura,,2,7690,0,75,7613,"{'confirmed': 0, 'deceased': 0, 'recovered': 0}",0,0,0
113,Bihar,Sheohar,,1,4395,0,36,4358,"{'confirmed': 0, 'deceased': 0, 'recovered': 1}",0,0,1
114,Bihar,Sitamarhi,,3,9169,0,127,9039,"{'confirmed': 1, 'deceased': 0, 'recovered': 3}",1,0,3
115,Bihar,Siwan,,0,15193,0,170,15023,"{'confirmed': 0, 'deceased': 0, 'recovered': 0}",0,0,0
116,Bihar,Supaul,,1,17202,0,128,17073,"{'confirmed': 0, 'deceased': 0, 'recovered': 0}",0,0,0
117,Bihar,Vaishali,,12,19806,1,192,19601,"{'confirmed': 1, 'deceased': 0, 'recovered': 1}",1,0,1
118,Bihar,West Champaran,,4,20885,0,358,20523,"{'confirmed': 1, 'deceased': 0, 'recovered': 1}",1,0,1
119,Chandigarh,Chandigarh,,35,61997,0,811,61151,"{'confirmed': 5, 'deceased': 0, 'recovered': 1}",5,0,1
120,Chhattisgarh,Other State,,19,766,0,131,616,"{'confirmed': 0, 'deceased': 0, 'recovered': 0}",0,0,0
121,Chhattisgarh,Balod,,23,27256,0,396,26837,"{'confirmed': 0, 'deceased': 0, 'recovered': 3}",0,0,3
122,Chhattisgarh,Baloda Bazar,,124,43005,0,470,42411,"{'confirmed': 4, 'deceased': 0, 'recovered': 8}",4,0,8
123,Chhattisgarh,Balrampur,,30,20276,0,118,20128,"{'confirmed': 1, 'deceased': 0, 'recovered': 0}",1,0,0
124,Chhattisgarh,Bametara,,6,19943,0,236,19701,"{'confirmed': 0, 'deceased': 0, 'recovered': 0}",0,0,0
125,Chhattisgarh,Bastar,,154,20927,0,188,20585,"{'confirmed': 16, 'deceased': 0, 'recovered': 6}",16,0,6
126,Chhattisgarh,Bijapur,,50,8255,0,54,8151,"{'confirmed': 2, 'deceased': 0, 'recovered': 6}",2,0,6
127,Chhattisgarh,Bilaspur,,82,65457,0,1205,64170,"{'confirmed': 6, 'deceased': 0, 'recovered': 3}",6,0,3
128,Chhattisgarh,Dakshin Bastar Dantewada,,30,10746,0,24,10692,"{'confirmed': 3, 'deceased': 0, 'recovered': 12}",3,0,12
129,Chhattisgarh,Dhamtari,,33,27188,0,544,26611,"{'confirmed': 2, 'deceased': 0, 'recovered': 7}",2,0,7
130,Chhattisgarh,Durg,,127,96644,0,1794,94723,"{'confirmed': 1, 'deceased': 0, 'recovered': 5}",1,0,5
131,Chhattisgarh,Gariaband,,22,19668,0,194,19452,"{'confirmed': 0, 'deceased': 0, 'recovered': 8}",0,0,8
132,Chhattisgarh,Janjgir Champa,,102,57429,0,830,56497,"{'confirmed': 8, 'deceased': 0, 'recovered': 17}",8,0,17
133,Chhattisgarh,Jashpur,,92,26924,0,212,26620,"{'confirmed': 5, 'deceased': 0, 'recovered': 5}",5,0,5
134,Chhattisgarh,Kabeerdham,,9,22768,0,267,22492,"{'confirmed': 1, 'deceased': 0, 'recovered': 0}",1,0,0
135,Chhattisgarh,Kondagaon,,24,13062,0,99,12939,"{'confirmed': 3, 'deceased': 0, 'recovered': 2}",3,0,2
136,Chhattisgarh,Korba,,66,54569,0,575,53928,"{'confirmed': 3, 'deceased': 0, 'recovered': 4}",3,0,4
137,Chhattisgarh,Koriya,,41,26918,0,175,26702,"{'confirmed': 6, 'deceased': 0, 'recovered': 1}",6,0,1
138,Chhattisgarh,Mahasamund,,33,31319,0,364,30922,"{'confirmed': 2, 'deceased': 1, 'recovered': 5}",2,1,5
139,Chhattisgarh,Mungeli,,14,23891,0,167,23710,"{'confirmed': 1, 'deceased': 0, 'recovered': 3}",1,0,3
140,Chhattisgarh,Narayanpur,,30,4003,0,14,3959,"{'confirmed': 0, 'deceased': 0, 'recovered': 7}",0,0,7
141,Chhattisgarh,Raigarh,,60,62463,0,978,61425,"{'confirmed': 2, 'deceased': 0, 'recovered': 10}",2,0,10
142,Chhattisgarh,Raipur,,121,157796,0,3139,154536,"{'confirmed': 4, 'deceased': 0, 'recovered': 9}",4,0,9
143,Chhattisgarh,Rajnandgaon,,12,56011,0,514,55485,"{'confirmed': 1, 'deceased': 0, 'recovered': 5}",1,0,5
144,Chhattisgarh,Sukma,,48,7967,0,20,7899,"{'confirmed': 5, 'deceased': 0, 'recovered': 8}",5,0,8
145,Chhattisgarh,Surajpur,,40,29015,0,224,28751,"{'confirmed': 0, 'deceased': 0, 'recovered': 3}",0,0,3
146,Chhattisgarh,Surguja,,34,33638,0,245,33359,"{'confirmed': 1, 'deceased': 0, 'recovered': 3}",1,0,3
147,Chhattisgarh,Uttar Bastar Kanker,,118,23530,0,222,23190,"{'confirmed': 6, 'deceased': 0, 'recovered': 8}",6,0,8
148,Chhattisgarh,Gaurela Pendra Marwahi,,13,12005,0,146,11846,"{'confirmed': 0, 'deceased': 0, 'recovered': 0}",0,0,0
149,Delhi,Central Delhi,District-wise numbers are out-dated as cumulative counts for each district are not reported in bulletin,184,184,0,0,0,"{'confirmed': 0, 'deceased': 0, 'recovered': 0}",0,0,0
150,Delhi,East Delhi,District-wise numbers are out-dated as cumulative counts for each district are not reported in bulletin,38,38,0,0,0,"{'confirmed': 0, 'deceased': 0, 'recovered': 0}",0,0,0
151,Delhi,New Delhi,District-wise numbers are out-dated as cumulative counts for each district are not reported in bulletin,37,37,0,0,0,"{'confirmed': 0, 'deceased': 0, 'recovered': 0}",0,0,0
152,Delhi,North Delhi,District-wise numbers are out-dated as cumulative counts for each district are not reported in bulletin,60,60,0,0,0,"{'confirmed': 0, 'deceased': 0, 'recovered': 0}",0,0,0
153,Delhi,North East Delhi,District-wise numbers are out-dated as cumulative counts for each district are not reported in bulletin,25,25,0,0,0,"{'confirmed': 0, 'deceased': 0, 'recovered': 0}",0,0,0
154,Delhi,North West Delhi,District-wise numbers are out-dated as cumulative counts for each district are not reported in bulletin,31,32,0,1,0,"{'confirmed': 0, 'deceased': 0, 'recovered': 0}",0,0,0
155,Delhi,Shahdara,District-wise numbers are out-dated as cumulative counts for each district are not reported in bulletin,48,48,0,0,0,"{'confirmed': 0, 'deceased': 0, 'recovered': 0}",0,0,0
156,Delhi,South Delhi,District-wise numbers are out-dated as cumulative counts for each district are not reported in bulletin,70,70,0,0,0,"{'confirmed': 0, 'deceased': 0, 'recovered': 0}",0,0,0
157,Delhi,South East Delhi,District-wise numbers are out-dated as cumulative counts for each district are not reported in bulletin,130,130,0,0,0,"{'confirmed': 0, 'deceased': 0, 'recovered': 0}",0,0,0
158,Delhi,South West Delhi,District-wise numbers are out-dated as cumulative counts for each district are not reported in bulletin,42,42,0,0,0,"{'confirmed': 0, 'deceased': 0, 'recovered': 0}",0,0,0
159,Delhi,West Delhi,District-wise numbers are out-dated as cumulative counts for each district are not reported in bulletin,122,122,0,0,0,"{'confirmed': 0, 'deceased': 0, 'recovered': 0}",0,0,0
160,Delhi,Unknown,,-293,1436101,0,25067,1411327,"{'confirmed': 0, 'deceased': 0, 'recovered': 0}",0,0,0
161,Dadra and Nagar Haveli and Daman and Diu,Other State,,0,0,0,0,0,"{'confirmed': 0, 'deceased': 0, 'recovered': 0}",0,0,0
162,Dadra and Nagar Haveli and Daman and Diu,Dadra and Nagar Haveli,,3,5905,5,3,5894,"{'confirmed': 0, 'deceased': 0, 'recovered': 0}",0,0,0
163,Dadra and Nagar Haveli and Daman and Diu,Daman,,1,3534,26,1,3506,"{'confirmed': 0, 'deceased': 0, 'recovered': 0}",0,0,0
164,Dadra and Nagar Haveli and Daman and Diu,Diu,,3,1218,0,0,1215,"{'confirmed': 0, 'deceased': 0, 'recovered': 0}",0,0,0
165,Goa,Other State,District-wise numbers are out-dated as cumulative counts for each district are not reported in bulletin,9,200,0,1,190,"{'confirmed': 0, 'deceased': 0, 'recovered': 0}",0,0,0
166,Goa,North Goa,District-wise numbers are out-dated as cumulative counts for each district are not reported in bulletin,1639,2668,0,65,964,"{'confirmed': 0, 'deceased': 0, 'recovered': 0}",0,0,0
167,Goa,South Goa,District-wise numbers are out-dated as cumulative counts for each district are not reported in bulletin,1978,3511,0,126,1407,"{'confirmed': 0, 'deceased': 0, 'recovered': 0}",0,0,0
168,Goa,Unknown,,-2643,165809,0,2972,165480,"{'confirmed': 0, 'deceased': 0, 'recovered': 0}",0,0,0
169,Gujarat,Other State,,0,162,0,3,159,"{'confirmed': 0, 'deceased': 0, 'recovered': 0}",0,0,0
170,Gujarat,Ahmedabad,,61,238022,0,3411,234550,"{'confirmed': 7, 'deceased': 0, 'recovered': 7}",7,0,7
171,Gujarat,Amreli,,4,10806,0,102,10700,"{'confirmed': 0, 'deceased': 0, 'recovered': 0}",0,0,0
172,Gujarat,Anand,,5,9623,0,49,9569,"{'confirmed': 0, 'deceased': 0, 'recovered': 4}",0,0,4
173,Gujarat,Aravalli,,0,5183,0,78,5105,"{'confirmed': 0, 'deceased': 0, 'recovered': 0}",0,0,0
174,Gujarat,Banaskantha,,0,13631,0,162,13469,"{'confirmed': 0, 'deceased': 0, 'recovered': 1}",0,0,1
175,Gujarat,Bharuch,,3,11425,0,118,11304,"{'confirmed': 0, 'deceased': 0, 'recovered': 0}",0,0,0
176,Gujarat,Bhavnagar,,4,21413,0,300,21109,"{'confirmed': 0, 'deceased': 0, 'recovered': 0}",0,0,0
177,Gujarat,Botad,,1,2218,0,42,2175,"{'confirmed': 0, 'deceased': 0, 'recovered': 0}",0,0,0
178,Gujarat,Chhota Udaipur,,0,3395,0,38,3357,"{'confirmed': 0, 'deceased': 0, 'recovered': 0}",0,0,0
179,Gujarat,Dahod,,2,9943,0,38,9903,"{'confirmed': 0, 'deceased': 0, 'recovered': 0}",0,0,0
180,Gujarat,Dang,,0,864,0,18,846,"{'confirmed': 0, 'deceased': 0, 'recovered': 0}",0,0,0
181,Gujarat,Devbhumi Dwarka,,0,4172,0,82,4090,"{'confirmed': 0, 'deceased': 0, 'recovered': 0}",0,0,0
182,Gujarat,Gandhinagar,,7,20740,0,205,20528,"{'confirmed': 0, 'deceased': 0, 'recovered': 0}",0,0,0
183,Gujarat,Gir Somnath,,2,8555,0,67,8486,"{'confirmed': 1, 'deceased': 0, 'recovered': 0}",1,0,0
184,Gujarat,Jamnagar,,7,34949,0,477,34465,"{'confirmed': 1, 'deceased': 0, 'recovered': 3}",1,0,3
185,Gujarat,Junagadh,,4,20469,0,271,20194,"{'confirmed': 0, 'deceased': 0, 'recovered': 4}",0,0,4
186,Gujarat,Kheda,,5,10422,0,48,10369,"{'confirmed': 0, 'deceased': 0, 'recovered': 0}",0,0,0
187,Gujarat,Kutch,,1,12587,0,145,12441,"{'confirmed': 0, 'deceased': 0, 'recovered': 1}",0,0,1
188,Gujarat,Mahisagar,,1,8192,0,72,8119,"{'confirmed': 0, 'deceased': 0, 'recovered': 0}",0,0,0
189,Gujarat,Mehsana,,5,24414,0,177,24232,"{'confirmed': 0, 'deceased': 0, 'recovered': 0}",0,0,0
190,Gujarat,Morbi,,0,6502,0,87,6415,"{'confirmed': 0, 'deceased': 0, 'recovered': 0}",0,0,0
191,Gujarat,Narmada,,0,5952,0,15,5937,"{'confirmed': 0, 'deceased': 0, 'recovered': 0}",0,0,0
192,Gujarat,Navsari,,3,7155,0,24,7128,"{'confirmed': 1, 'deceased': 0, 'recovered': 0}",1,0,0
193,Gujarat,Panchmahal,,0,11770,0,70,11700,"{'confirmed': 0, 'deceased': 0, 'recovered': 0}",0,0,0
194,Gujarat,Patan,,2,11624,0,129,11493,"{'confirmed': 0, 'deceased': 0, 'recovered': 0}",0,0,0
195,Gujarat,Porbandar,,0,3474,0,19,3455,"{'confirmed': 0, 'deceased': 0, 'recovered': 0}",0,0,0
196,Gujarat,Rajkot,,14,57920,0,723,57183,"{'confirmed': 0, 'deceased': 0, 'recovered': 1}",0,0,1
197,Gujarat,Sabarkantha,,0,9314,0,157,9157,"{'confirmed': 0, 'deceased': 0, 'recovered': 0}",0,0,0
198,Gujarat,Surat,,17,143490,0,1954,141519,"{'confirmed': 3, 'deceased': 0, 'recovered': 3}",3,0,3
199,Gujarat,Surendranagar,,0,8121,0,136,7985,"{'confirmed': 0, 'deceased': 0, 'recovered': 0}",0,0,0
200,Gujarat,Tapi,,2,4438,0,23,4413,"{'confirmed': 0, 'deceased': 0, 'recovered': 0}",0,0,0
201,Gujarat,Vadodara,,43,77912,0,788,77081,"{'confirmed': 3, 'deceased': 0, 'recovered': 4}",3,0,4
202,Gujarat,Valsad,,1,6244,0,49,6194,"{'confirmed': 0, 'deceased': 0, 'recovered': 0}",0,0,0
203,Himachal Pradesh,Bilaspur,,152,13084,1,79,12852,"{'confirmed': 19, 'deceased': 0, 'recovered': 4}",19,0,4
204,Himachal Pradesh,Chamba,,652,12805,2,151,12000,"{'confirmed': 105, 'deceased': 0, 'recovered': 35}",105,0,35
205,Himachal Pradesh,Hamirpur,,262,14821,1,257,14301,"{'confirmed': 35, 'deceased': 0, 'recovered': 3}",35,0,3
206,Himachal Pradesh,Kangra,,385,46790,4,1044,45357,"{'confirmed': 64, 'deceased': 1, 'recovered': 6}",64,1,6
207,Himachal Pradesh,Kinnaur,,27,3337,0,38,3272,"{'confirmed': 2, 'deceased': 0, 'recovered': 0}",2,0,0
208,Himachal Pradesh,Kullu,,152,9294,4,154,8984,"{'confirmed': 33, 'deceased': 0, 'recovered': 26}",33,0,26
209,Himachal Pradesh,Lahaul and Spiti,,53,2811,0,18,2740,"{'confirmed': 13, 'deceased': 0, 'recovered': 1}",13,0,1
210,Himachal Pradesh,Mandi,,437,28651,0,405,27809,"{'confirmed': 66, 'deceased': 0, 'recovered': 53}",66,0,53
211,Himachal Pradesh,Shimla,,324,26052,4,608,25116,"{'confirmed': 27, 'deceased': 1, 'recovered': 8}",27,1,8
212,Himachal Pradesh,Sirmaur,,17,15388,0,210,15161,"{'confirmed': 0, 'deceased': 0, 'recovered': 0}",0,0,0
213,Himachal Pradesh,Solan,,39,22459,0,314,22106,"{'confirmed': 5, 'deceased': 0, 'recovered': 2}",5,0,2
214,Himachal Pradesh,Una,,56,13498,2,245,13195,"{'confirmed': 5, 'deceased': 0, 'recovered': 0}",5,0,0
215,Haryana,Foreign Evacuees,,0,0,0,0,0,"{'confirmed': 0, 'deceased': 0, 'recovered': 0}",0,0,0
216,Haryana,Ambala,,12,30104,0,509,29583,"{'confirmed': 1, 'deceased': 0, 'recovered': 1}",1,0,1
217,Haryana,Bhiwani,,49,22394,0,605,21740,"{'confirmed': 0, 'deceased': 0, 'recovered': 0}",0,0,0
218,Haryana,Charkhi Dadri,,4,5068,0,132,4932,"{'confirmed': 0, 'deceased': 1, 'recovered': 0}",0,1,0
219,Haryana,Faridabad,,24,99801,0,716,99061,"{'confirmed': 2, 'deceased': 0, 'recovered': 3}",2,0,3
220,Haryana,Fatehabad,,13,17858,0,463,17382,"{'confirmed': 0, 'deceased': 0, 'recovered': 0}",0,0,0
221,Haryana,Gurugram,,74,180972,0,920,179978,"{'confirmed': 4, 'deceased': 0, 'recovered': 5}",4,0,5
222,Haryana,Hisar,,103,53976,0,1039,52834,"{'confirmed': 0, 'deceased': 0, 'recovered': 0}",0,0,0
223,Haryana,Italians,,0,0,0,0,0,"{'confirmed': 0, 'deceased': 0, 'recovered': 0}",0,0,0
224,Haryana,Jhajjar,,22,18827,0,305,18500,"{'confirmed': 0, 'deceased': 0, 'recovered': 0}",0,0,0
225,Haryana,Jind,,16,21202,0,522,20664,"{'confirmed': 0, 'deceased': 0, 'recovered': 0}",0,0,0
226,Haryana,Kaithal,,20,11218,0,338,10860,"{'confirmed': 0, 'deceased': 0, 'recovered': 0}",0,0,0
227,Haryana,Karnal,,40,39999,0,546,39413,"{'confirmed': 0, 'deceased': 0, 'recovered': 0}",0,0,0
228,Haryana,Kurukshetra,,7,22114,0,356,21751,"{'confirmed': 0, 'deceased': 0, 'recovered': 2}",0,0,2
229,Haryana,Mahendragarh,,1,21687,0,153,21533,"{'confirmed': 0, 'deceased': 0, 'recovered': 0}",0,0,0
230,Haryana,Nuh,,1,5010,0,120,4889,"{'confirmed': 1, 'deceased': 0, 'recovered': 0}",1,0,0
231,Haryana,Palwal,,3,10981,0,153,10825,"{'confirmed': 0, 'deceased': 0, 'recovered': 0}",0,0,0
232,Haryana,Panchkula,,25,30656,0,374,30257,"{'confirmed': 2, 'deceased': 0, 'recovered': 4}",2,0,4
233,Haryana,Panipat,,91,31135,0,565,30479,"{'confirmed': 0, 'deceased': 0, 'recovered': 1}",0,0,1
234,Haryana,Rewari,,20,20304,0,209,20075,"{'confirmed': 0, 'deceased': 0, 'recovered': 0}",0,0,0
235,Haryana,Rohtak,,88,25876,0,499,25289,"{'confirmed': 2, 'deceased': 0, 'recovered': 0}",2,0,0
236,Haryana,Sirsa,,51,29256,0,467,28738,"{'confirmed': 2, 'deceased': 0, 'recovered': 0}",2,0,0
237,Haryana,Sonipat,,2,47126,0,254,46870,"{'confirmed': 0, 'deceased': 0, 'recovered': 1}",0,0,1
238,Haryana,Yamunanagar,,4,24566,0,408,24154,"{'confirmed': 2, 'deceased': 0, 'recovered': 0}",2,0,0
239,Jharkhand,Bokaro,,4,19413,0,286,19123,"{'confirmed': 0, 'deceased': 0, 'recovered': 1}",0,0,1
240,Jharkhand,Chatra,,1,6025,0,53,5971,"{'confirmed': 0, 'deceased': 0, 'recovered': 2}",0,0,2
241,Jharkhand,Deoghar,,11,10801,0,113,10677,"{'confirmed': 2, 'deceased': 0, 'recovered': 3}",2,0,3
242,Jharkhand,Dhanbad,,24,16503,0,379,16100,"{'confirmed': 1, 'deceased': 0, 'recovered': 1}",1,0,1
243,Jharkhand,Dumka,,1,4631,0,47,4583,"{'confirmed': 0, 'deceased': 0, 'recovered': 0}",0,0,0
244,Jharkhand,East Singhbhum,,11,51780,0,1043,50726,"{'confirmed': 0, 'deceased': 0, 'recovered': 1}",0,0,1
245,Jharkhand,Garhwa,,1,6884,0,94,6789,"{'confirmed': 1, 'deceased': 0, 'recovered': 2}",1,0,2
246,Jharkhand,Giridih,,2,8959,0,130,8827,"{'confirmed': 0, 'deceased': 0, 'recovered': 0}",0,0,0
247,Jharkhand,Godda,,3,5836,0,87,5746,"{'confirmed': 0, 'deceased': 0, 'recovered': 0}",0,0,0
248,Jharkhand,Gumla,,1,9893,0,38,9854,"{'confirmed': 0, 'deceased': 0, 'recovered': 3}",0,0,3
249,Jharkhand,Hazaribagh,,3,19581,0,186,19392,"{'confirmed': 1, 'deceased': 0, 'recovered': 0}",1,0,0
250,Jharkhand,Jamtara,,3,5555,0,60,5492,"{'confirmed': 0, 'deceased': 0, 'recovered': 0}",0,0,0
251,Jharkhand,Khunti,,10,7783,0,96,7677,"{'confirmed': 3, 'deceased': 0, 'recovered': 1}",3,0,1
252,Jharkhand,Koderma,,18,12871,0,136,12717,"{'confirmed': 0, 'deceased': 0, 'recovered': 0}",0,0,0
253,Jharkhand,Latehar,,4,7863,0,57,7802,"{'confirmed': 1, 'deceased': 0, 'recovered': 2}",1,0,2
254,Jharkhand,Lohardaga,,6,6689,0,88,6595,"{'confirmed': 0, 'deceased': 0, 'recovered': 1}",0,0,1
255,Jharkhand,Pakur,,7,2550,0,12,2531,"{'confirmed': 0, 'deceased': 0, 'recovered': 0}",0,0,0
256,Jharkhand,Palamu,,0,12289,0,110,12179,"{'confirmed': 0, 'deceased': 0, 'recovered': 0}",0,0,0
257,Jharkhand,Ramgarh,,11,13896,0,196,13689,"{'confirmed': 1, 'deceased': 0, 'recovered': 3}",1,0,3
258,Jharkhand,Ranchi,,62,85440,0,1585,83793,"{'confirmed': 4, 'deceased': 0, 'recovered': 2}",4,0,2
259,Jharkhand,Sahibganj,,3,4816,0,42,4771,"{'confirmed': 0, 'deceased': 0, 'recovered': 2}",0,0,2
260,Jharkhand,Saraikela-Kharsawan,,4,7204,0,67,7133,"{'confirmed': 0, 'deceased': 0, 'recovered': 0}",0,0,0
261,Jharkhand,Simdega,,5,7191,0,92,7094,"{'confirmed': 0, 'deceased': 0, 'recovered': 0}",0,0,0
262,Jharkhand,West Singhbhum,,1,13001,0,133,12867,"{'confirmed': 0, 'deceased': 0, 'recovered': 2}",0,0,2
263,Jammu and Kashmir,Anantnag,,24,16346,0,205,16117,"{'confirmed': 1, 'deceased': 0, 'recovered': 3}",1,0,3
264,Jammu and Kashmir,Bandipora,,57,9531,0,100,9374,"{'confirmed': 6, 'deceased': 0, 'recovered': 4}",6,0,4
265,Jammu and Kashmir,Baramulla,,88,23736,0,282,23366,"{'confirmed': 11, 'deceased': 0, 'recovered': 25}",11,0,25
266,Jammu and Kashmir,Budgam,,73,22984,0,206,22705,"{'confirmed': 4, 'deceased': 0, 'recovered': 9}",4,0,9
267,Jammu and Kashmir,Doda,,111,7374,0,128,7135,"{'confirmed': 6, 'deceased': 0, 'recovered': 11}",6,0,11
268,Jammu and Kashmir,Ganderbal,,69,9989,0,78,9842,"{'confirmed': 4, 'deceased': 0, 'recovered': 4}",4,0,4
269,Jammu and Kashmir,Jammu,,136,52877,0,1140,51601,"{'confirmed': 8, 'deceased': 0, 'recovered': 3}",8,0,3
270,Jammu and Kashmir,Kathua,,4,9268,0,151,9113,"{'confirmed': 0, 'deceased': 0, 'recovered': 2}",0,0,2
271,Jammu and Kashmir,Kishtwar,,50,4695,0,44,4601,"{'confirmed': 5, 'deceased': 0, 'recovered': 4}",5,0,4
272,Jammu and Kashmir,Kulgam,,32,11312,0,117,11163,"{'confirmed': 5, 'deceased': 0, 'recovered': 3}",5,0,3
273,Jammu and Kashmir,Kupwara,,47,14137,0,165,13925,"{'confirmed': 20, 'deceased': 0, 'recovered': 7}",20,0,7
274,Jammu and Kashmir,Mirpur,,0,0,0,0,0,"{'confirmed': 0, 'deceased': 0, 'recovered': 0}",0,0,0
275,Jammu and Kashmir,Muzaffarabad,,0,0,0,0,0,"{'confirmed': 0, 'deceased': 0, 'recovered': 0}",0,0,0
276,Jammu and Kashmir,Pulwama,,47,15240,0,194,14999,"{'confirmed': 2, 'deceased': 0, 'recovered': 0}",2,0,0
277,Jammu and Kashmir,Punch,,31,6285,0,97,6157,"{'confirmed': 0, 'deceased': 0, 'recovered': 2}",0,0,2
278,Jammu and Kashmir,Rajouri,,71,11006,0,228,10707,"{'confirmed': 13, 'deceased': 0, 'recovered': 5}",13,0,5
279,Jammu and Kashmir,Ramban,,18,5980,0,67,5895,"{'confirmed': 0, 'deceased': 1, 'recovered': 4}",0,1,4
280,Jammu and Kashmir,Reasi,,68,6336,0,43,6225,"{'confirmed': 0, 'deceased': 0, 'recovered': 7}",0,0,7
281,Jammu and Kashmir,Samba,,6,7127,0,119,7002,"{'confirmed': 1, 'deceased': 0, 'recovered': 0}",1,0,0
282,Jammu and Kashmir,Shopiyan,,4,5588,0,58,5526,"{'confirmed': 0, 'deceased': 0, 'recovered': 2}",0,0,2
283,Jammu and Kashmir,Srinagar,,309,71719,0,834,70576,"{'confirmed': 27, 'deceased': 0, 'recovered': 16}",27,0,16
284,Jammu and Kashmir,Udhampur,,52,11355,0,137,11166,"{'confirmed': 1, 'deceased': 0, 'recovered': 3}",1,0,3
285,Karnataka,Bagalkote,,39,35121,0,327,34755,"{'confirmed': 3, 'deceased': 0, 'recovered': 3}",3,0,3
286,Karnataka,Ballari,,217,97504,0,1685,95602,"{'confirmed': 13, 'deceased': 0, 'recovered': 8}",13,0,8
287,Karnataka,Belagavi,,390,78627,0,876,77361,"{'confirmed': 47, 'deceased': 3, 'recovered': 39}",47,3,39
288,Karnataka,Bengaluru Rural,,336,61199,0,861,60002,"{'confirmed': 26, 'deceased': 1, 'recovered': 17}",26,1,17
289,Karnataka,Bengaluru Urban,,8290,1231474,1,15923,1207260,"{'confirmed': 377, 'deceased': 5, 'recovered': 280}",377,5,280
290,Karnataka,Bidar,,11,24284,4,396,23873,"{'confirmed': 0, 'deceased': 0, 'recovered': 1}",0,0,1
291,Karnataka,Chamarajanagara,,292,32577,11,485,31789,"{'confirmed': 15, 'deceased': 0, 'recovered': 15}",15,0,15
292,Karnataka,Chikkaballapura,,92,43776,1,423,43260,"{'confirmed': 7, 'deceased': 0, 'recovered': 30}",7,0,30
293,Karnataka,Chikkamagaluru,,1059,49033,0,377,47597,"{'confirmed': 65, 'deceased': 0, 'recovered': 30}",65,0,30
294,Karnataka,Chitradurga,,469,36095,0,192,35434,"{'confirmed': 16, 'deceased': 2, 'recovered': 52}",16,2,52
295,Karnataka,Dakshina Kannada,,3479,104257,5,1477,99296,"{'confirmed': 422, 'deceased': 5, 'recovered': 270}",422,5,270
296,Karnataka,Davanagere,,192,50500,0,590,49718,"{'confirmed': 13, 'deceased': 0, 'recovered': 14}",13,0,14
297,Karnataka,Dharwad,,133,60600,2,1289,59176,"{'confirmed': 17, 'deceased': 0, 'recovered': 16}",17,0,16
298,Karnataka,Gadag,,22,26004,0,316,25666,"{'confirmed': 0, 'deceased': 0, 'recovered': 5}",0,0,5
299,Karnataka,Hassan,,1497,107826,2,1193,105134,"{'confirmed': 175, 'deceased': 3, 'recovered': 127}",175,3,127
300,Karnataka,Haveri,,27,21884,0,631,21226,"{'confirmed': 5, 'deceased': 0, 'recovered': 0}",5,0,0
301,Karnataka,Kalaburagi,,92,61687,0,818,60777,"{'confirmed': 4, 'deceased': 0, 'recovered': 5}",4,0,5
302,Karnataka,Kodagu,,727,33974,0,301,32946,"{'confirmed': 71, 'deceased': 2, 'recovered': 83}",71,2,83
303,Karnataka,Kolar,,262,45901,0,600,45039,"{'confirmed': 36, 'deceased': 3, 'recovered': 35}",36,3,35
304,Karnataka,Koppal,,66,35117,0,518,34533,"{'confirmed': 4, 'deceased': 0, 'recovered': 4}",4,0,4
305,Karnataka,Mandya,,405,72492,0,630,71457,"{'confirmed': 35, 'deceased': 2, 'recovered': 28}",35,2,28
306,Karnataka,Mysuru,,1174,174199,0,2331,170694,"{'confirmed': 118, 'deceased': 3, 'recovered': 149}",118,3,149
307,Karnataka,Other State,,0,36,0,3,33,"{'confirmed': 0, 'deceased': 0, 'recovered': 0}",0,0,0
308,Karnataka,Raichur,,30,39900,0,329,39541,"{'confirmed': 2, 'deceased': 0, 'recovered': 1}",2,0,1
309,Karnataka,Ramanagara,,93,24050,0,311,23646,"{'confirmed': 6, 'deceased': 0, 'recovered': 6}",6,0,6
310,Karnataka,Shivamogga,,558,67431,0,1063,65810,"{'confirmed': 47, 'deceased': 1, 'recovered': 121}",47,1,121
311,Karnataka,Tumakuru,,882,118431,0,1080,116469,"{'confirmed': 88, 'deceased': 0, 'recovered': 54}",88,0,54
312,Karnataka,Udupi,,1427,71170,0,434,69309,"{'confirmed': 130, 'deceased': 1, 'recovered': 166}",130,1,166
313,Karnataka,Uttara Kannada,,541,54051,0,727,52783,"{'confirmed': 79, 'deceased': 2, 'recovered': 51}",79,2,51
314,Karnataka,Vijayapura,,35,36174,0,489,35650,"{'confirmed': 2, 'deceased': 0, 'recovered': 7}",2,0,7
315,Karnataka,Yadgir,,14,27501,0,206,27281,"{'confirmed': 3, 'deceased': 0, 'recovered': 1}",3,0,1
316,Kerala,Other State,,0,0,0,0,0,"{'confirmed': 0, 'deceased': 0, 'recovered': 0}",0,0,0
317,Kerala,Alappuzha,,8265,237133,40,1150,227678,"{'confirmed': 1440, 'deceased': 5, 'recovered': 1073}",1440,5,1073
318,Kerala,Ernakulam,,26921,430396,69,1830,401576,"{'confirmed': 2856, 'deceased': 12, 'recovered': 2024}",2856,12,2024
319,Kerala,Idukki,,6218,96572,8,238,90108,"{'confirmed': 637, 'deceased': 2, 'recovered': 353}",637,2,353
320,Kerala,Kannur,,8847,199236,51,1147,189191,"{'confirmed': 1194, 'deceased': 1, 'recovered': 1323}",1194,1,1323
321,Kerala,Kasaragod,,8732,114698,18,382,105566,"{'confirmed': 562, 'deceased': 1, 'recovered': 132}",562,1,132
322,Kerala,Kollam,,2412,284264,59,1389,280404,"{'confirmed': 1633, 'deceased': 14, 'recovered': 1165}",1633,14,1165
323,Kerala,Kottayam,,7989,231995,14,762,223230,"{'confirmed': 1227, 'deceased': 3, 'recovered': 1301}",1227,3,1301
324,Kerala,Kozhikode,,23271,387573,43,1869,362390,"{'confirmed': 2789, 'deceased': 10, 'recovered': 2098}",2789,10,2098
325,Kerala,Malappuram,,28759,440734,30,1508,410437,"{'confirmed': 3109, 'deceased': 13, 'recovered': 2940}",3109,13,2940
326,Kerala,Palakkad,,17683,269048,22,1652,249691,"{'confirmed': 2414, 'deceased': 19, 'recovered': 2177}",2414,19,2177
327,Kerala,Pathanamthitta,,8298,136773,11,554,127910,"{'confirmed': 696, 'deceased': 5, 'recovered': 532}",696,5,532
328,Kerala,Thiruvananthapuram,,9386,343093,115,3376,330216,"{'confirmed': 1255, 'deceased': 11, 'recovered': 1169}",1255,11,1169
329,Kerala,Thrissur,,11239,355009,26,1965,341779,"{'confirmed': 3124, 'deceased': 19, 'recovered': 2602}",3124,19,2602
330,Kerala,Wayanad,,7938,83669,14,298,75419,"{'confirmed': 564, 'deceased': 1, 'recovered': 522}",564,1,522
331,Ladakh,Kargil,,18,3572,0,58,3496,"{'confirmed': 0, 'deceased': 0, 'recovered': 0}",0,0,0
332,Ladakh,Leh,,52,16835,0,149,16634,"{'confirmed': 0, 'deceased': 0, 'recovered': 0}",0,0,0
333,Lakshadweep,Lakshadweep,,43,10268,40,50,10135,"{'confirmed': 5, 'deceased': 0, 'recovered': 10}",5,0,10
334,Lakshadweep,Unknown,,-1,0,0,1,0,"{'confirmed': 0, 'deceased': 0, 'recovered': 0}",0,0,0
335,Maharashtra,Ahmednagar,,5231,294758,1,6304,283222,"{'confirmed': 834, 'deceased': 19, 'recovered': 1776}",834,19,1776
336,Maharashtra,Akola,,38,58638,4,1420,57176,"{'confirmed': 4, 'deceased': 0, 'recovered': 0}",4,0,0
337,Maharashtra,Amravati,,76,96012,2,1637,94297,"{'confirmed': 4, 'deceased': 1, 'recovered': 3}",4,1,3
338,Maharashtra,Aurangabad,,687,154499,14,4198,149600,"{'confirmed': 23, 'deceased': 1, 'recovered': 4}",23,1,4
339,Maharashtra,Beed,,1678,99459,7,2637,95137,"{'confirmed': 113, 'deceased': 4, 'recovered': 168}",113,4,168
340,Maharashtra,Bhandara,,0,60038,10,1113,58915,"{'confirmed': 1, 'deceased': 0, 'recovered': 2}",1,0,2
341,Maharashtra,Buldhana,,77,84828,6,765,83980,"{'confirmed': 18, 'deceased': 1, 'recovered': 0}",18,1,0
342,Maharashtra,Chandrapur,,75,88688,4,1606,87003,"{'confirmed': 2, 'deceased': 0, 'recovered': 0}",2,0,0
343,Maharashtra,Dhule,,0,46270,12,652,45606,"{'confirmed': 0, 'deceased': 0, 'recovered': 0}",0,0,0
344,Maharashtra,Gadchiroli,,18,30288,32,672,29566,"{'confirmed': 5, 'deceased': 0, 'recovered': 13}",5,0,13
345,Maharashtra,Gondia,,2,40534,7,568,39957,"{'confirmed': 0, 'deceased': 0, 'recovered': 0}",0,0,0
346,Maharashtra,Hingoli,,78,18419,1,498,17842,"{'confirmed': 1, 'deceased': 0, 'recovered': 1}",1,0,1
347,Maharashtra,Jalgaon,,320,139800,32,2662,136786,"{'confirmed': 7, 'deceased': 0, 'recovered': 0}",7,0,0
348,Maharashtra,Jalna,,175,60314,1,1199,58939,"{'confirmed': 16, 'deceased': 0, 'recovered': 0}",16,0,0
349,Maharashtra,Kolhapur,,4427,199490,5,5647,189411,"{'confirmed': 337, 'deceased': 15, 'recovered': 474}",337,15,474
350,Maharashtra,Latur,,499,91166,6,2406,88255,"{'confirmed': 35, 'deceased': 0, 'recovered': 44}",35,0,44
351,Maharashtra,Mumbai,"[Sep 9]After reconciling COVID-19 cases in Mumbai, owing to the removal of duplicates and change of addresses as per the original residence, 239 cases have been removed from the progressive figures.",4212,738239,2409,15968,715650,"{'confirmed': 285, 'deceased': 9, 'recovered': 560}",285,9,560
352,Maharashtra,Mumbai Suburban,,0,0,0,0,0,"{'confirmed': 0, 'deceased': 0, 'recovered': 0}",0,0,0
353,Maharashtra,Nagpur,District administration provides number of persons tested instead of the number of samples tested.,264,493063,71,9137,483591,"{'confirmed': 5, 'deceased': 0, 'recovered': 0}",5,0,0
354,Maharashtra,Nanded,Number of active cases differs in the state bulletin and district bulletin. We follow the state bulletin.,57,90649,6,2661,87925,"{'confirmed': 6, 'deceased': 1, 'recovered': 0}",6,1,0
355,Maharashtra,Nandurbar,,4,39968,3,948,39013,"{'confirmed': 0, 'deceased': 0, 'recovered': 0}",0,0,0
356,Maharashtra,Nashik,Number of active cases differs in the state bulletin and district bulletin. We follow the state bulletin.,839,403658,1,8561,394257,"{'confirmed': 102, 'deceased': 5, 'recovered': 49}",102,5,49
357,Maharashtra,Osmanabad,,1005,64970,111,1833,62021,"{'confirmed': 101, 'deceased': 2, 'recovered': 135}",101,2,135
358,Maharashtra,Other State,,28,146,2,116,0,"{'confirmed': 0, 'deceased': 0, 'recovered': 0}",0,0,0
359,Maharashtra,Palghar,,686,133835,14,3220,129915,"{'confirmed': 52, 'deceased': 3, 'recovered': 0}",52,3,0
360,Maharashtra,Parbhani,,248,52279,18,1220,50793,"{'confirmed': 2, 'deceased': 0, 'recovered': 11}",2,0,11
361,Maharashtra,Pune,Number of active cases differs in the state bulletin and district bulletin. We follow the state bulletin.,14419,1099851,306,18679,1066447,"{'confirmed': 1146, 'deceased': 9, 'recovered': 610}",1146,9,610
362,Maharashtra,Raigad,Number of active cases differs in the state bulletin and district bulletin. We follow the state bulletin.,1881,185702,6,4266,179549,"{'confirmed': 191, 'deceased': 4, 'recovered': 180}",191,4,180
363,Maharashtra,Ratnagiri,,1751,73420,4,2143,69522,"{'confirmed': 155, 'deceased': 3, 'recovered': 137}",155,3,137
364,Maharashtra,Sangli,,6964,192215,9,5217,180025,"{'confirmed': 568, 'deceased': 12, 'recovered': 889}",568,12,889
365,Maharashtra,Satara,,6239,226151,27,5471,214414,"{'confirmed': 594, 'deceased': 28, 'recovered': 796}",594,28,796
366,Maharashtra,Sindhudurg,,1440,49379,15,1259,46665,"{'confirmed': 83, 'deceased': 5, 'recovered': 105}",83,5,105
367,Maharashtra,Solapur,,5207,194066,96,4986,183777,"{'confirmed': 602, 'deceased': 32, 'recovered': 564}",602,32,564
368,Maharashtra,Thane,,5901,592025,34,11092,574998,"{'confirmed': 263, 'deceased': 9, 'recovered': 423}",263,9,423
369,Maharashtra,Wardha,,11,58342,165,1204,56962,"{'confirmed': 0, 'deceased': 0, 'recovered': 0}",0,0,0
370,Maharashtra,Washim,,20,41623,3,617,40983,"{'confirmed': 2, 'deceased': 0, 'recovered': 0}",2,0,0
371,Maharashtra,Yavatmal,,13,76220,4,1782,74421,"{'confirmed': 3, 'deceased': 0, 'recovered': 0}",3,0,0
372,Meghalaya,East Garo Hills,,56,1761,0,9,1696,"{'confirmed': 1, 'deceased': 0, 'recovered': 2}",1,0,2
373,Meghalaya,East Jaintia Hills,,63,2228,0,28,2137,"{'confirmed': 13, 'deceased': 0, 'recovered': 3}",13,0,3
374,Meghalaya,East Khasi Hills,,1981,34271,0,837,31453,"{'confirmed': 256, 'deceased': 7, 'recovered': 76}",256,7,76
375,Meghalaya,North Garo Hills,,54,1622,0,8,1560,"{'confirmed': 3, 'deceased': 0, 'recovered': 12}",3,0,12
376,Meghalaya,Ribhoi,,437,8344,0,66,7841,"{'confirmed': 28, 'deceased': 0, 'recovered': 56}",28,0,56
377,Meghalaya,South Garo Hills,,45,1154,0,11,1098,"{'confirmed': 7, 'deceased': 0, 'recovered': 6}",7,0,6
378,Meghalaya,South West Garo Hills,,48,1792,0,15,1729,"{'confirmed': 7, 'deceased': 0, 'recovered': 7}",7,0,7
379,Meghalaya,South West Khasi Hills,,219,1951,0,12,1720,"{'confirmed': 16, 'deceased': 0, 'recovered': 14}",16,0,14
380,Meghalaya,West Garo Hills,,524,8461,0,65,7872,"{'confirmed': 40, 'deceased': 0, 'recovered': 82}",40,0,82
381,Meghalaya,West Jaintia Hills,,443,5599,0,105,5051,"{'confirmed': 25, 'deceased': 1, 'recovered': 39}",25,1,39
382,Meghalaya,West Khasi Hills,,626,3049,0,39,2384,"{'confirmed': 67, 'deceased': 2, 'recovered': 87}",67,2,87
383,Manipur,CAPF Personnel,,1568,3251,0,2,1681,"{'confirmed': 0, 'deceased': 0, 'recovered': 0}",0,0,0
384,Manipur,Bishnupur,,7685,7897,0,154,58,"{'confirmed': 74, 'deceased': 3, 'recovered': 0}",74,3,0
385,Manipur,Chandel,,1684,1718,0,30,4,"{'confirmed': 20, 'deceased': 0, 'recovered': 0}",20,0,0
386,Manipur,Churachandpur,,8181,8377,0,138,58,"{'confirmed': 46, 'deceased': 1, 'recovered': 0}",46,1,0
387,Manipur,Imphal East,,22367,22898,0,381,150,"{'confirmed': 89, 'deceased': 3, 'recovered': 0}",89,3,0
388,Manipur,Imphal West,,33914,34490,0,524,52,"{'confirmed': 267, 'deceased': 3, 'recovered': 0}",267,3,0
389,Manipur,Jiribam,,865,873,0,6,2,"{'confirmed': 4, 'deceased': 0, 'recovered': 0}",4,0,0
390,Manipur,Kakching,,5612,5740,0,101,27,"{'confirmed': 24, 'deceased': 0, 'recovered': 0}",24,0,0
391,Manipur,Kamjong,,520,540,0,3,17,"{'confirmed': 0, 'deceased': 0, 'recovered': 0}",0,0,0
392,Manipur,Kangpokpi,,1828,1897,0,50,19,"{'confirmed': 7, 'deceased': 0, 'recovered': 0}",7,0,0
393,Manipur,Noney,,816,838,0,4,18,"{'confirmed': 1, 'deceased': 0, 'recovered': 0}",1,0,0
394,Manipur,Pherzawl,,255,270,0,0,15,"{'confirmed': 9, 'deceased': 0, 'recovered': 0}",9,0,0
395,Manipur,Senapati,,1635,1662,0,6,21,"{'confirmed': 5, 'deceased': 0, 'recovered': 0}",5,0,0
396,Manipur,Tamenglong,,2740,2783,0,11,32,"{'confirmed': 5, 'deceased': 0, 'recovered': 0}",5,0,0
397,Manipur,Tengnoupal,,821,844,0,10,13,"{'confirmed': 6, 'deceased': 0, 'recovered': 0}",6,0,0
398,Manipur,Thoubal,,8369,8532,0,140,23,"{'confirmed': 29, 'deceased': 0, 'recovered': 0}",29,0,0
399,Manipur,Ukhrul,,1533,1572,0,21,18,"{'confirmed': 20, 'deceased': 0, 'recovered': 0}",20,0,0
400,Manipur,Unknown,,-93536,1848,0,93,95291,"{'confirmed': 0, 'deceased': 0, 'recovered': 0}",0,0,0
401,Madhya Pradesh,Agar Malwa,,0,3303,0,68,3235,"{'confirmed': 0, 'deceased': 0, 'recovered': 0}",0,0,0
402,Madhya Pradesh,Alirajpur,,0,3501,0,48,3453,"{'confirmed': 0, 'deceased': 0, 'recovered': 0}",0,0,0
403,Madhya Pradesh,Anuppur,,0,9229,0,89,9140,"{'confirmed': 0, 'deceased': 0, 'recovered': 0}",0,0,0
404,Madhya Pradesh,Ashoknagar,,0,3670,0,57,3613,"{'confirmed': 0, 'deceased': 0, 'recovered': 0}",0,0,0
405,Madhya Pradesh,Balaghat,,9,9090,0,64,9017,"{'confirmed': 0, 'deceased': 0, 'recovered': 0}",0,0,0
406,Madhya Pradesh,Barwani,,6,8363,0,90,8267,"{'confirmed': 0, 'deceased': 0, 'recovered': 0}",0,0,0
407,Madhya Pradesh,Betul,,32,12899,0,277,12590,"{'confirmed': 0, 'deceased': 0, 'recovered': 0}",0,0,0
408,Madhya Pradesh,Bhind,,2,2994,0,32,2960,"{'confirmed': 0, 'deceased': 0, 'recovered': 0}",0,0,0
409,Madhya Pradesh,Bhopal,,230,123323,0,972,122121,"{'confirmed': 0, 'deceased': 0, 'recovered': 0}",0,0,0
410,Madhya Pradesh,Burhanpur,,0,2568,0,39,2529,"{'confirmed': 0, 'deceased': 0, 'recovered': 0}",0,0,0
411,Madhya Pradesh,Chhatarpur,,10,7607,0,91,7506,"{'confirmed': 0, 'deceased': 0, 'recovered': 0}",0,0,0
412,Madhya Pradesh,Chhindwara,,0,6732,0,120,6612,"{'confirmed': 0, 'deceased': 0, 'recovered': 0}",0,0,0
413,Madhya Pradesh,Damoh,,93,8120,0,186,7841,"{'confirmed': 0, 'deceased': 0, 'recovered': 0}",0,0,0
414,Madhya Pradesh,Datia,,6,6958,0,78,6874,"{'confirmed': 0, 'deceased': 0, 'recovered': 0}",0,0,0
415,Madhya Pradesh,Dewas,,0,7723,0,51,7672,"{'confirmed': 0, 'deceased': 0, 'recovered': 0}",0,0,0
416,Madhya Pradesh,Dhar,,15,12533,0,130,12388,"{'confirmed': 1, 'deceased': 0, 'recovered': 0}",1,0,0
417,Madhya Pradesh,Dindori,,6,4623,0,29,4588,"{'confirmed': 0, 'deceased': 0, 'recovered': 0}",0,0,0
418,Madhya Pradesh,Guna,,3,5132,0,44,5085,"{'confirmed': 0, 'deceased': 0, 'recovered': 0}",0,0,0
419,Madhya Pradesh,Gwalior,,32,53092,0,633,52427,"{'confirmed': 1, 'deceased': 0, 'recovered': 0}",1,0,0
420,Madhya Pradesh,Harda,,5,5055,0,96,4954,"{'confirmed': 0, 'deceased': 0, 'recovered': 0}",0,0,0
421,Madhya Pradesh,Hoshangabad,,11,10680,0,99,10570,"{'confirmed': 0, 'deceased': 0, 'recovered': 0}",0,0,0
422,Madhya Pradesh,Indore,,210,153011,0,1391,151410,"{'confirmed': 4, 'deceased': 0, 'recovered': 0}",4,0,0
423,Madhya Pradesh,Jabalpur,,75,50641,0,670,49896,"{'confirmed': 0, 'deceased': 0, 'recovered': 0}",0,0,0
424,Madhya Pradesh,Jhabua,,5,7688,0,64,7619,"{'confirmed': 0, 'deceased': 0, 'recovered': 0}",0,0,0
425,Madhya Pradesh,Katni,,3,9365,0,120,9242,"{'confirmed': 0, 'deceased': 0, 'recovered': 0}",0,0,0
426,Madhya Pradesh,Khandwa,,0,4040,0,94,3946,"{'confirmed': 0, 'deceased': 0, 'recovered': 0}",0,0,0
427,Madhya Pradesh,Khargone,,10,13965,0,239,13716,"{'confirmed': 0, 'deceased': 0, 'recovered': 0}",0,0,0
428,Madhya Pradesh,Mandla,,3,5187,0,25,5159,"{'confirmed': 0, 'deceased': 0, 'recovered': 0}",0,0,0
429,Madhya Pradesh,Mandsaur,,1,8637,0,84,8552,"{'confirmed': 0, 'deceased': 0, 'recovered': 0}",0,0,0
430,Madhya Pradesh,Morena,,6,8236,0,95,8135,"{'confirmed': 0, 'deceased': 0, 'recovered': 0}",0,0,0
431,Madhya Pradesh,Narsinghpur,,4,11200,0,81,11115,"{'confirmed': 0, 'deceased': 0, 'recovered': 0}",0,0,0
432,Madhya Pradesh,Neemuch,,12,7924,0,84,7828,"{'confirmed': 0, 'deceased': 0, 'recovered': 0}",0,0,0
433,Madhya Pradesh,Niwari,,9,3711,0,48,3654,"{'confirmed': 0, 'deceased': 0, 'recovered': 0}",0,0,0
434,Madhya Pradesh,Other Region,,0,0,0,0,0,"{'confirmed': 0, 'deceased': 0, 'recovered': 0}",0,0,0
435,Madhya Pradesh,Panna,,6,7319,0,63,7250,"{'confirmed': 2, 'deceased': 0, 'recovered': 0}",2,0,0
436,Madhya Pradesh,Raisen,,9,9233,0,194,9030,"{'confirmed': 0, 'deceased': 0, 'recovered': 0}",0,0,0
437,Madhya Pradesh,Rajgarh,,38,8700,0,172,8490,"{'confirmed': 1, 'deceased': 0, 'recovered': 0}",1,0,0
438,Madhya Pradesh,Ratlam,,31,17854,0,385,17438,"{'confirmed': 0, 'deceased': 0, 'recovered': 0}",0,0,0
439,Madhya Pradesh,Rewa,,6,16431,0,155,16270,"{'confirmed': 0, 'deceased': 0, 'recovered': 0}",0,0,0
440,Madhya Pradesh,Sagar,,48,16592,0,390,16154,"{'confirmed': 1, 'deceased': 0, 'recovered': 0}",1,0,0
441,Madhya Pradesh,Satna,,3,11965,0,133,11829,"{'confirmed': 0, 'deceased': 0, 'recovered': 0}",0,0,0
442,Madhya Pradesh,Sehore,,6,10136,0,73,10057,"{'confirmed': 0, 'deceased': 0, 'recovered': 0}",0,0,0
443,Madhya Pradesh,Seoni,,7,6774,0,28,6739,"{'confirmed': 0, 'deceased': 0, 'recovered': 0}",0,0,0
444,Madhya Pradesh,Shahdol,,4,10080,0,118,9958,"{'confirmed': 0, 'deceased': 0, 'recovered': 0}",0,0,0
445,Madhya Pradesh,Shajapur,,2,6349,0,74,6273,"{'confirmed': 0, 'deceased': 0, 'recovered': 0}",0,0,0
446,Madhya Pradesh,Sheopur,,1,3998,0,78,3919,"{'confirmed': 0, 'deceased': 0, 'recovered': 0}",0,0,0
447,Madhya Pradesh,Shivpuri,,7,12393,0,125,12261,"{'confirmed': 0, 'deceased': 0, 'recovered': 0}",0,0,0
448,Madhya Pradesh,Sidhi,,0,9219,0,87,9132,"{'confirmed': 0, 'deceased': 0, 'recovered': 0}",0,0,0
449,Madhya Pradesh,Singrauli,,5,8793,0,82,8706,"{'confirmed': 0, 'deceased': 0, 'recovered': 0}",0,0,0
450,Madhya Pradesh,Tikamgarh,,7,6863,0,114,6742,"{'confirmed': 0, 'deceased': 0, 'recovered': 0}",0,0,0
451,Madhya Pradesh,Ujjain,,4,18896,0,172,18720,"{'confirmed': 0, 'deceased': 0, 'recovered': 0}",0,0,0
452,Madhya Pradesh,Umaria,,6,6293,0,63,6224,"{'confirmed': 0, 'deceased': 0, 'recovered': 0}",0,0,0
453,Madhya Pradesh,Vidisha,,4,11918,0,237,11677,"{'confirmed': 0, 'deceased': 0, 'recovered': 0}",0,0,0
454,Madhya Pradesh,Unknown,,-860,1384,0,1483,761,"{'confirmed': 0, 'deceased': 0, 'recovered': 0}",0,0,0
455,Mizoram,Aizawl,,8728,31751,0,135,22888,"{'confirmed': 590, 'deceased': 0, 'recovered': 796}",590,0,796
456,Mizoram,Champhai,,209,700,0,1,490,"{'confirmed': 20, 'deceased': 0, 'recovered': 0}",20,0,0
457,Mizoram,Hnahthial,,13,116,0,0,103,"{'confirmed': 11, 'deceased': 0, 'recovered': 0}",11,0,0
458,Mizoram,Khawzawl,,1,109,0,0,108,"{'confirmed': 0, 'deceased': 0, 'recovered': 0}",0,0,0
459,Mizoram,Kolasib,,940,3809,0,17,2852,"{'confirmed': 76, 'deceased': 0, 'recovered': 50}",76,0,50
460,Mizoram,Lawngtlai,,363,2821,0,8,2450,"{'confirmed': 53, 'deceased': 0, 'recovered': 4}",53,0,4
461,Mizoram,Lunglei,,515,3534,0,3,3016,"{'confirmed': 50, 'deceased': 1, 'recovered': 104}",50,1,104
462,Mizoram,Mamit,,429,1462,0,2,1031,"{'confirmed': 53, 'deceased': 0, 'recovered': 28}",53,0,28
463,Mizoram,Saiha,,183,942,0,1,758,"{'confirmed': 8, 'deceased': 0, 'recovered': 11}",8,0,11
464,Mizoram,Saitual,,15,222,0,2,205,"{'confirmed': 1, 'deceased': 0, 'recovered': 0}",1,0,0
465,Mizoram,Serchhip,,18,854,0,3,833,"{'confirmed': 1, 'deceased': 0, 'recovered': 19}",1,0,19
466,Nagaland,Others,,0,0,0,0,0,"{'confirmed': 0, 'deceased': 0, 'recovered': 0}",0,0,0
467,Nagaland,Dimapur,,422,13335,578,362,11973,"{'confirmed': 22, 'deceased': 2, 'recovered': 16}",22,2,16
468,Nagaland,Kiphire,,14,228,1,8,205,"{'confirmed': 0, 'deceased': 0, 'recovered': 5}",0,0,5
469,Nagaland,Kohima,,352,8765,144,102,8167,"{'confirmed': 8, 'deceased': 3, 'recovered': 32}",8,3,32
470,Nagaland,Longleng,,39,262,12,2,209,"{'confirmed': 5, 'deceased': 0, 'recovered': 3}",5,0,3
471,Nagaland,Mokokchung,,226,1950,49,48,1627,"{'confirmed': 15, 'deceased': 0, 'recovered': 13}",15,0,13
472,Nagaland,Mon,,23,1098,16,13,1046,"{'confirmed': 4, 'deceased': 0, 'recovered': 6}",4,0,6
473,Nagaland,Peren,,90,873,7,3,773,"{'confirmed': 0, 'deceased': 0, 'recovered': 0}",0,0,0
474,Nagaland,Phek,,13,476,2,17,444,"{'confirmed': 0, 'deceased': 0, 'recovered': 0}",0,0,0
475,Nagaland,Tuensang,,67,985,3,11,904,"{'confirmed': 2, 'deceased': 1, 'recovered': 3}",2,1,3
476,Nagaland,Wokha,,39,326,11,11,265,"{'confirmed': 5, 'deceased': 0, 'recovered': 0}",5,0,0
477,Nagaland,Zunheboto,,66,577,9,14,488,"{'confirmed': 3, 'deceased': 0, 'recovered': 0}",3,0,0
478,Odisha,State Pool,,762,27180,0,0,26418,"{'confirmed': 83, 'deceased': 0, 'recovered': 50}",83,0,50
479,Odisha,Others,,0,0,0,0,0,"{'confirmed': 0, 'deceased': 0, 'recovered': 0}",0,0,0
480,Odisha,Angul,,212,43056,0,279,42565,"{'confirmed': 26, 'deceased': 5, 'recovered': 32}",26,5,32
481,Odisha,Balangir,,36,23218,0,112,23070,"{'confirmed': 4, 'deceased': 0, 'recovered': 4}",4,0,4
482,Odisha,Balasore,,526,38584,0,227,37831,"{'confirmed': 45, 'deceased': 3, 'recovered': 61}",45,3,61
483,Odisha,Bargarh,,62,30775,0,306,30407,"{'confirmed': 6, 'deceased': 1, 'recovered': 7}",6,1,7
484,Odisha,Bhadrak,,310,25719,0,98,25311,"{'confirmed': 25, 'deceased': 0, 'recovered': 46}",25,0,46
485,Odisha,Boudh,,20,12528,0,106,12402,"{'confirmed': 1, 'deceased': 0, 'recovered': 4}",1,0,4
486,Odisha,Cuttack,,1209,88249,0,460,86580,"{'confirmed': 147, 'deceased': 12, 'recovered': 123}",147,12,123
487,Odisha,Deogarh,,30,6213,0,42,6141,"{'confirmed': 4, 'deceased': 0, 'recovered': 7}",4,0,7
488,Odisha,Dhenkanal,,158,19231,0,134,18939,"{'confirmed': 16, 'deceased': 2, 'recovered': 10}",16,2,10
489,Odisha,Gajapati,,16,9531,0,83,9432,"{'confirmed': 2, 'deceased': 0, 'recovered': 5}",2,0,5
490,Odisha,Ganjam,,38,33502,0,470,32994,"{'confirmed': 6, 'deceased': 0, 'recovered': 12}",6,0,12
491,Odisha,Jagatsinghpur,,496,26084,0,110,25478,"{'confirmed': 58, 'deceased': 3, 'recovered': 59}",58,3,59
492,Odisha,Jajpur,,533,41724,0,85,41106,"{'confirmed': 58, 'deceased': 1, 'recovered': 42}",58,1,42
493,Odisha,Jharsuguda,,27,23624,0,168,23429,"{'confirmed': 8, 'deceased': 0, 'recovered': 0}",8,0,0
494,Odisha,Kalahandi,,33,24172,0,203,23936,"{'confirmed': 1, 'deceased': 1, 'recovered': 7}",1,1,7
495,Odisha,Kandhamal,,73,11397,0,81,11243,"{'confirmed': 6, 'deceased': 0, 'recovered': 8}",6,0,8
496,Odisha,Kendrapara,,256,23736,0,155,23325,"{'confirmed': 51, 'deceased': 3, 'recovered': 25}",51,3,25
497,Odisha,Kendujhar,,114,20534,0,147,20273,"{'confirmed': 12, 'deceased': 2, 'recovered': 4}",12,2,4
498,Odisha,Khordha,,3456,153972,0,1365,149151,"{'confirmed': 372, 'deceased': 20, 'recovered': 232}",372,20,232
499,Odisha,Koraput,,48,18883,0,73,18762,"{'confirmed': 0, 'deceased': 0, 'recovered': 5}",0,0,5
500,Odisha,Malkangiri,,41,11522,0,48,11433,"{'confirmed': 5, 'deceased': 0, 'recovered': 3}",5,0,3
501,Odisha,Mayurbhanj,,294,39008,0,234,38480,"{'confirmed': 35, 'deceased': 2, 'recovered': 18}",35,2,18
502,Odisha,Nabarangapur,,21,23472,0,66,23385,"{'confirmed': 1, 'deceased': 0, 'recovered': 2}",1,0,2
503,Odisha,Nayagarh,,249,22829,0,166,22414,"{'confirmed': 26, 'deceased': 6, 'recovered': 7}",26,6,7
504,Odisha,Nuapada,,23,22812,0,83,22706,"{'confirmed': 5, 'deceased': 0, 'recovered': 5}",5,0,5
505,Odisha,Puri,,425,44013,0,408,43180,"{'confirmed': 48, 'deceased': 3, 'recovered': 45}",48,3,45
506,Odisha,Rayagada,,101,19887,0,161,19625,"{'confirmed': 4, 'deceased': 1, 'recovered': 6}",4,1,6
507,Odisha,Sambalpur,,99,30621,0,195,30327,"{'confirmed': 12, 'deceased': 0, 'recovered': 10}",12,0,10
508,Odisha,Subarnapur,,50,13098,0,48,13000,"{'confirmed': 5, 'deceased': 0, 'recovered': 7}",5,0,7
509,Odisha,Sundargarh,,95,60901,0,570,60236,"{'confirmed': 6, 'deceased': 0, 'recovered': 23}",6,0,23
510,Punjab,Amritsar,,32,47118,0,1587,45499,"{'confirmed': 9, 'deceased': 0, 'recovered': 3}",9,0,3
511,Punjab,Barnala,,14,5912,0,242,5656,"{'confirmed': 0, 'deceased': 0, 'recovered': 4}",0,0,4
512,Punjab,Bathinda,,34,41547,0,1039,40474,"{'confirmed': 8, 'deceased': 0, 'recovered': 2}",8,0,2
513,Punjab,Faridkot,,8,13836,0,313,13515,"{'confirmed': 3, 'deceased': 0, 'recovered': 2}",3,0,2
514,Punjab,Fatehgarh Sahib,,7,8797,0,291,8499,"{'confirmed': 6, 'deceased': 2, 'recovered': 0}",6,2,0
515,Punjab,Fazilka,,44,20184,0,526,19614,"{'confirmed': 8, 'deceased': 0, 'recovered': 6}",8,0,6
516,Punjab,Ferozepur,,13,14245,0,499,13733,"{'confirmed': 3, 'deceased': 1, 'recovered': 3}",3,1,3
517,Punjab,Gurdaspur,,9,22246,0,797,21440,"{'confirmed': 0, 'deceased': 0, 'recovered': 2}",0,0,2
518,Punjab,Hoshiarpur,,23,30674,0,978,29673,"{'confirmed': 7, 'deceased': 0, 'recovered': 2}",7,0,2
519,Punjab,Jalandhar,,61,63162,0,1490,61611,"{'confirmed': 4, 'deceased': 0, 'recovered': 3}",4,0,3
520,Punjab,Kapurthala,,13,17771,0,553,17205,"{'confirmed': 4, 'deceased': 0, 'recovered': 6}",4,0,6
521,Punjab,Ludhiana,,99,87401,0,2095,85207,"{'confirmed': 34, 'deceased': 0, 'recovered': 4}",34,0,4
522,Punjab,Mansa,,1,15575,0,311,15263,"{'confirmed': 0, 'deceased': 0, 'recovered': 0}",0,0,0
523,Punjab,Moga,,16,8628,0,233,8379,"{'confirmed': 2, 'deceased': 0, 'recovered': 0}",2,0,0
524,Punjab,Pathankot,,22,18607,0,416,18169,"{'confirmed': 0, 'deceased': 0, 'recovered': 1}",0,0,1
525,Punjab,Patiala,,34,48752,0,1341,47377,"{'confirmed': 4, 'deceased': 0, 'recovered': 0}",4,0,0
526,Punjab,Rupnagar,,9,12880,0,417,12454,"{'confirmed': 2, 'deceased': 0, 'recovered': 0}",2,0,0
527,Punjab,S.A.S. Nagar,,46,68505,0,1057,67402,"{'confirmed': 3, 'deceased': 0, 'recovered': 4}",3,0,4
528,Punjab,Sangrur,,9,15693,0,868,14816,"{'confirmed': 4, 'deceased': 0, 'recovered': 2}",4,0,2
529,Punjab,Shahid Bhagat Singh Nagar,,3,11429,0,374,11052,"{'confirmed': 2, 'deceased': 0, 'recovered': 0}",2,0,0
530,Punjab,Sri Muktsar Sahib,,8,18730,0,523,18199,"{'confirmed': 0, 'deceased': 0, 'recovered': 0}",0,0,0
531,Punjab,Tarn Taran,,12,7986,0,375,7599,"{'confirmed': 2, 'deceased': 0, 'recovered': 1}",2,0,1
532,Puducherry,Karaikal,"2 case of TN has been transferred,so has been reduced from the total count.",119,15157,0,231,14807,"{'confirmed': 22, 'deceased': 0, 'recovered': 4}",22,0,4
533,Puducherry,Mahe,"1 case of KL have been transferred,so have been reduced from the total count",143,4977,0,38,4796,"{'confirmed': 20, 'deceased': 0, 'recovered': 13}",20,0,13
534,Puducherry,Puducherry,"209 cases(204 of TN, 1 of AP and 4 other) have been transferred,so have been reduced from the total count.[July 18]4 cases have transferred to TN and have been reduced from recovered cases.",581,95120,0,1427,93112,"{'confirmed': 70, 'deceased': 1, 'recovered': 77}",70,1,77
535,Puducherry,Yanam,"2 cases of AP have been transferred,so have been reduced from the total count",23,6626,0,105,6498,"{'confirmed': 2, 'deceased': 0, 'recovered': 4}",2,0,4
536,Rajasthan,Ajmer,,14,37715,0,410,37291,"{'confirmed': 1, 'deceased': 0, 'recovered': 0}",1,0,0
537,Rajasthan,Alwar,,10,59652,0,307,59335,"{'confirmed': 0, 'deceased': 0, 'recovered': 0}",0,0,0
538,Rajasthan,Banswara,,3,10005,0,104,9898,"{'confirmed': 0, 'deceased': 0, 'recovered': 0}",0,0,0
539,Rajasthan,Baran,,1,11993,0,61,11931,"{'confirmed': 0, 'deceased': 0, 'recovered': 0}",0,0,0
540,Rajasthan,Barmer,,4,15550,0,185,15361,"{'confirmed': 1, 'deceased': 0, 'recovered': 0}",1,0,0
541,Rajasthan,Bharatpur,,1,19590,0,260,19329,"{'confirmed': 1, 'deceased': 0, 'recovered': 0}",1,0,0
542,Rajasthan,Bhilwara,,0,29773,0,156,29617,"{'confirmed': 0, 'deceased': 0, 'recovered': 0}",0,0,0
543,Rajasthan,Bikaner,,7,40311,0,545,39759,"{'confirmed': 0, 'deceased': 0, 'recovered': 1}",0,0,1
544,Rajasthan,BSF Camp,,0,85,0,0,85,"{'confirmed': 0, 'deceased': 0, 'recovered': 0}",0,0,0
545,Rajasthan,Bundi,,0,7967,0,48,7919,"{'confirmed': 0, 'deceased': 0, 'recovered': 0}",0,0,0
546,Rajasthan,Chittorgarh,,0,19809,0,139,19670,"{'confirmed': 0, 'deceased': 0, 'recovered': 0}",0,0,0
547,Rajasthan,Churu,,0,16719,0,107,16612,"{'confirmed': 0, 'deceased': 0, 'recovered': 0}",0,0,0
548,Rajasthan,Dausa,,2,13351,0,62,13287,"{'confirmed': 0, 'deceased': 0, 'recovered': 0}",0,0,0
549,Rajasthan,Dholpur,,1,11006,0,48,10957,"{'confirmed': 0, 'deceased': 0, 'recovered': 0}",0,0,0
550,Rajasthan,Dungarpur,,0,18407,0,131,18276,"{'confirmed': 0, 'deceased': 0, 'recovered': 0}",0,0,0
551,Rajasthan,Evacuees,,0,61,0,0,61,"{'confirmed': 0, 'deceased': 0, 'recovered': 0}",0,0,0
552,Rajasthan,Ganganagar,,0,19336,0,150,19186,"{'confirmed': 0, 'deceased': 0, 'recovered': 0}",0,0,0
553,Rajasthan,Hanumangarh,,4,16050,0,111,15935,"{'confirmed': 0, 'deceased': 0, 'recovered': 0}",0,0,0
554,Rajasthan,Italians,,0,2,0,0,2,"{'confirmed': 0, 'deceased': 0, 'recovered': 0}",0,0,0
555,Rajasthan,Jaipur,,60,187598,0,1970,185568,"{'confirmed': 6, 'deceased': 0, 'recovered': 2}",6,0,2
556,Rajasthan,Jaisalmer,,3,13639,0,66,13570,"{'confirmed': 0, 'deceased': 0, 'recovered': 0}",0,0,0
557,Rajasthan,Jalore,,4,10065,0,72,9989,"{'confirmed': 0, 'deceased': 0, 'recovered': 0}",0,0,0
558,Rajasthan,Jhalawar,,1,13599,0,187,13411,"{'confirmed': 0, 'deceased': 0, 'recovered': 0}",0,0,0
559,Rajasthan,Jhunjhunu,,0,14802,0,158,14644,"{'confirmed': 0, 'deceased': 0, 'recovered': 0}",0,0,0
560,Rajasthan,Jodhpur,,0,112374,0,1103,111271,"{'confirmed': 0, 'deceased': 0, 'recovered': 4}",0,0,4
561,Rajasthan,Karauli,,0,7156,0,70,7086,"{'confirmed': 0, 'deceased': 0, 'recovered': 0}",0,0,0
562,Rajasthan,Kota,,1,57051,0,449,56601,"{'confirmed': 0, 'deceased': 0, 'recovered': 0}",0,0,0
563,Rajasthan,Nagaur,,7,17727,0,177,17543,"{'confirmed': 0, 'deceased': 0, 'recovered': 3}",0,0,3
564,Rajasthan,Other State,,0,189,0,39,150,"{'confirmed': 0, 'deceased': 0, 'recovered': 0}",0,0,0
565,Rajasthan,Pali,,11,27315,0,287,27017,"{'confirmed': 3, 'deceased': 0, 'recovered': 0}",3,0,0
566,Rajasthan,Pratapgarh,,5,7143,0,63,7075,"{'confirmed': 0, 'deceased': 0, 'recovered': 0}",0,0,0
567,Rajasthan,Rajsamand,,2,17041,0,169,16870,"{'confirmed': 1, 'deceased': 0, 'recovered': 0}",1,0,0
568,Rajasthan,Sawai Madhopur,,4,10602,0,61,10537,"{'confirmed': 0, 'deceased': 0, 'recovered': 0}",0,0,0
569,Rajasthan,Sikar,,6,30605,0,335,30264,"{'confirmed': 1, 'deceased': 0, 'recovered': 2}",1,0,2
570,Rajasthan,Sirohi,,0,13729,0,79,13650,"{'confirmed': 0, 'deceased': 0, 'recovered': 0}",0,0,0
571,Rajasthan,Tonk,,1,9495,0,92,9402,"{'confirmed': 0, 'deceased': 0, 'recovered': 2}",0,0,2
572,Rajasthan,Udaipur,,43,56358,0,753,55562,"{'confirmed': 5, 'deceased': 0, 'recovered': 7}",5,0,7
573,Sikkim,East Sikkim,,10831,15974,78,148,4917,"{'confirmed': 47, 'deceased': 0, 'recovered': 0}",47,0,0
574,Sikkim,North Sikkim,,699,781,9,1,72,"{'confirmed': 3, 'deceased': 0, 'recovered': 0}",3,0,0
575,Sikkim,South Sikkim,,5723,6178,15,2,438,"{'confirmed': 26, 'deceased': 0, 'recovered': 0}",26,0,0
576,Sikkim,West Sikkim,,4792,4973,25,19,137,"{'confirmed': 81, 'deceased': 0, 'recovered': 0}",81,0,0
577,Sikkim,Unknown,,-19502,269,151,189,19431,"{'confirmed': 0, 'deceased': 0, 'recovered': 0}",0,0,0
578,Telangana,Foreign Evacuees,District-wise numbers are out-dated as cumulative counts for each district are not reported in Telangana bulletin,33,33,0,0,0,"{'confirmed': 0, 'deceased': 0, 'recovered': 0}",0,0,0
579,Telangana,Other State,District-wise numbers are out-dated as cumulative counts for each district are not reported in Telangana bulletin,250,250,0,0,0,"{'confirmed': 0, 'deceased': 0, 'recovered': 0}",0,0,0
580,Telangana,Adilabad,District-wise numbers are out-dated as cumulative counts for each district are not reported in Telangana bulletin,7085,7100,0,0,15,"{'confirmed': 6, 'deceased': 0, 'recovered': 0}",6,0,0
581,Telangana,Bhadradri Kothagudem,District-wise numbers are out-dated as cumulative counts for each district are not reported in Telangana bulletin,18328,18332,0,0,4,"{'confirmed': 10, 'deceased': 0, 'recovered': 0}",10,0,0
582,Telangana,Hyderabad,District-wise numbers are out-dated as cumulative counts for each district are not reported in Telangana bulletin,136563,136891,0,23,305,"{'confirmed': 82, 'deceased': 0, 'recovered': 0}",82,0,0
583,Telangana,Jagtial,District-wise numbers are out-dated as cumulative counts for each district are not reported in Telangana bulletin,16969,16971,0,0,2,"{'confirmed': 19, 'deceased': 0, 'recovered': 0}",19,0,0
584,Telangana,Jangaon,District-wise numbers are out-dated as cumulative counts for each district are not reported in Telangana bulletin,7523,7524,0,0,1,"{'confirmed': 8, 'deceased': 0, 'recovered': 0}",8,0,0
585,Telangana,Jayashankar Bhupalapally,District-wise numbers are out-dated as cumulative counts for each district are not reported in Telangana bulletin,6760,6760,0,0,0,"{'confirmed': 5, 'deceased': 0, 'recovered': 0}",5,0,0
586,Telangana,Jogulamba Gadwal,District-wise numbers are out-dated as cumulative counts for each district are not reported in Telangana bulletin,7156,7182,0,1,25,"{'confirmed': 1, 'deceased': 0, 'recovered': 0}",1,0,0
587,Telangana,Kamareddy,District-wise numbers are out-dated as cumulative counts for each district are not reported in Telangana bulletin,11510,11518,0,0,8,"{'confirmed': 2, 'deceased': 0, 'recovered': 0}",2,0,0
588,Telangana,Karimnagar,District-wise numbers are out-dated as cumulative counts for each district are not reported in Telangana bulletin,29287,29303,0,0,16,"{'confirmed': 61, 'deceased': 0, 'recovered': 0}",61,0,0
589,Telangana,Khammam,District-wise numbers are out-dated as cumulative counts for each district are not reported in Telangana bulletin,26949,26952,0,0,3,"{'confirmed': 26, 'deceased': 0, 'recovered': 0}",26,0,0
590,Telangana,Komaram Bheem,District-wise numbers are out-dated as cumulative counts for each district are not reported in Telangana bulletin,4461,4463,0,0,2,"{'confirmed': 3, 'deceased': 0, 'recovered': 0}",3,0,0
591,Telangana,Mahabubabad,District-wise numbers are out-dated as cumulative counts for each district are not reported in Telangana bulletin,12855,12856,0,0,1,"{'confirmed': 7, 'deceased': 0, 'recovered': 0}",7,0,0
592,Telangana,Mahabubnagar,District-wise numbers are out-dated as cumulative counts for each district are not reported in Telangana bulletin,16218,16226,0,0,8,"{'confirmed': 5, 'deceased': 0, 'recovered': 0}",5,0,0
593,Telangana,Mancherial,District-wise numbers are out-dated as cumulative counts for each district are not reported in Telangana bulletin,15913,15914,0,1,0,"{'confirmed': 13, 'deceased': 0, 'recovered': 0}",13,0,0
594,Telangana,Medak,District-wise numbers are out-dated as cumulative counts for each district are not reported in Telangana bulletin,8388,8392,0,0,4,"{'confirmed': 1, 'deceased': 0, 'recovered': 0}",1,0,0
595,Telangana,Medchal Malkajgiri,District-wise numbers are out-dated as cumulative counts for each district are not reported in Telangana bulletin,44944,44954,0,1,9,"{'confirmed': 23, 'deceased': 0, 'recovered': 0}",23,0,0
596,Telangana,Mulugu,District-wise numbers are out-dated as cumulative counts for each district are not reported in Telangana bulletin,6572,6574,0,0,2,"{'confirmed': 6, 'deceased': 0, 'recovered': 0}",6,0,0
597,Telangana,Nagarkurnool,District-wise numbers are out-dated as cumulative counts for each district are not reported in Telangana bulletin,12228,12230,0,0,2,"{'confirmed': 0, 'deceased': 0, 'recovered': 0}",0,0,0
598,Telangana,Nalgonda,District-wise numbers are out-dated as cumulative counts for each district are not reported in Telangana bulletin,28624,28636,0,0,12,"{'confirmed': 35, 'deceased': 0, 'recovered': 0}",35,0,0
599,Telangana,Narayanpet,District-wise numbers are out-dated as cumulative counts for each district are not reported in Telangana bulletin,3271,3272,0,1,0,"{'confirmed': 3, 'deceased': 0, 'recovered': 0}",3,0,0
600,Telangana,Nirmal,District-wise numbers are out-dated as cumulative counts for each district are not reported in Telangana bulletin,7217,7230,0,0,13,"{'confirmed': 5, 'deceased': 0, 'recovered': 0}",5,0,0
601,Telangana,Nizamabad,District-wise numbers are out-dated as cumulative counts for each district are not reported in Telangana bulletin,20746,20776,0,0,30,"{'confirmed': 6, 'deceased': 0, 'recovered': 0}",6,0,0
602,Telangana,Peddapalli,District-wise numbers are out-dated as cumulative counts for each district are not reported in Telangana bulletin,15416,15417,0,0,1,"{'confirmed': 23, 'deceased': 0, 'recovered': 0}",23,0,0
603,Telangana,Rajanna Sircilla,District-wise numbers are out-dated as cumulative counts for each district are not reported in Telangana bulletin,11924,11926,0,0,2,"{'confirmed': 13, 'deceased': 0, 'recovered': 0}",13,0,0
604,Telangana,Ranga Reddy,District-wise numbers are out-dated as cumulative counts for each district are not reported in Telangana bulletin,48325,48344,0,2,17,"{'confirmed': 25, 'deceased': 0, 'recovered': 0}",25,0,0
605,Telangana,Sangareddy,District-wise numbers are out-dated as cumulative counts for each district are not reported in Telangana bulletin,19029,19035,0,0,6,"{'confirmed': 6, 'deceased': 0, 'recovered': 0}",6,0,0
606,Telangana,Siddipet,District-wise numbers are out-dated as cumulative counts for each district are not reported in Telangana bulletin,19167,19168,0,0,1,"{'confirmed': 11, 'deceased': 0, 'recovered': 0}",11,0,0
607,Telangana,Suryapet,District-wise numbers are out-dated as cumulative counts for each district are not reported in Telangana bulletin,17243,17267,0,0,24,"{'confirmed': 17, 'deceased': 0, 'recovered': 0}",17,0,0
608,Telangana,Vikarabad,District-wise numbers are out-dated as cumulative counts for each district are not reported in Telangana bulletin,10917,10933,0,1,15,"{'confirmed': 1, 'deceased': 0, 'recovered': 0}",1,0,0
609,Telangana,Wanaparthy,District-wise numbers are out-dated as cumulative counts for each district are not reported in Telangana bulletin,9674,9674,0,0,0,"{'confirmed': 4, 'deceased': 0, 'recovered': 0}",4,0,0
610,Telangana,Warangal Rural,District-wise numbers are out-dated as cumulative counts for each district are not reported in Telangana bulletin,10500,10500,0,0,0,"{'confirmed': 5, 'deceased': 0, 'recovered': 0}",5,0,0
611,Telangana,Warangal Urban,District-wise numbers are out-dated as cumulative counts for each district are not reported in Telangana bulletin,26021,26044,0,0,23,"{'confirmed': 41, 'deceased': 0, 'recovered': 0}",41,0,0
612,Telangana,Yadadri Bhuvanagiri,District-wise numbers are out-dated as cumulative counts for each district are not reported in Telangana bulletin,11133,11133,0,0,0,"{'confirmed': 9, 'deceased': 0, 'recovered': 0}",9,0,0
613,Telangana,Unknown,,-641062,1055,0,3803,638314,"{'confirmed': 0, 'deceased': 0, 'recovered': 0}",0,0,0
614,Tamil Nadu,Railway Quarantine,,0,428,0,0,428,"{'confirmed': 0, 'deceased': 0, 'recovered': 0}",0,0,0
615,Tamil Nadu,Airport Quarantine,,8,2098,0,2,2088,"{'confirmed': 0, 'deceased': 0, 'recovered': 2}",0,0,2
616,Tamil Nadu,Other State,,0,0,0,0,0,"{'confirmed': 0, 'deceased': 0, 'recovered': 0}",0,0,0
617,Tamil Nadu,Ariyalur,,237,16037,0,240,15560,"{'confirmed': 21, 'deceased': 1, 'recovered': 26}",21,1,26
618,Tamil Nadu,Chengalpattu,,1152,163274,0,2413,159709,"{'confirmed': 139, 'deceased': 0, 'recovered': 117}",139,0,117
619,Tamil Nadu,Chennai,[July 22]: 444 backdated deceased entries added to Chennai in TN bulletin.,2048,540300,0,8345,529907,"{'confirmed': 237, 'deceased': 3, 'recovered': 191}",237,3,191
620,Tamil Nadu,Coimbatore,,2259,231863,0,2201,227403,"{'confirmed': 230, 'deceased': 2, 'recovered': 203}",230,2,203
621,Tamil Nadu,Cuddalore,,777,61220,0,821,59622,"{'confirmed': 76, 'deceased': 0, 'recovered': 47}",76,0,47
622,Tamil Nadu,Dharmapuri,,316,26415,0,237,25862,"{'confirmed': 25, 'deceased': 0, 'recovered': 34}",25,0,34
623,Tamil Nadu,Dindigul,,157,32322,0,627,31538,"{'confirmed': 13, 'deceased': 1, 'recovered': 15}",13,1,15
624,Tamil Nadu,Erode,,1710,95559,0,641,93208,"{'confirmed': 160, 'deceased': 1, 'recovered': 174}",160,1,174
625,Tamil Nadu,Kallakurichi,,468,29521,0,199,28854,"{'confirmed': 31, 'deceased': 0, 'recovered': 42}",31,0,42
626,Tamil Nadu,Kancheepuram,,448,72144,0,1213,70483,"{'confirmed': 42, 'deceased': 1, 'recovered': 36}",42,1,36
627,Tamil Nadu,Kanyakumari,,339,60451,0,1022,59090,"{'confirmed': 30, 'deceased': 0, 'recovered': 28}",30,0,28
628,Tamil Nadu,Karur,,188,22836,0,351,22297,"{'confirmed': 23, 'deceased': 0, 'recovered': 12}",23,0,12
629,Tamil Nadu,Krishnagiri,,309,41638,0,325,41004,"{'confirmed': 26, 'deceased': 1, 'recovered': 37}",26,1,37
630,Tamil Nadu,Madurai,,228,73729,0,1147,72354,"{'confirmed': 15, 'deceased': 0, 'recovered': 18}",15,0,18
631,Tamil Nadu,Nagapattinam,,427,19075,0,295,18353,"{'confirmed': 36, 'deceased': 3, 'recovered': 43}",36,3,43
632,Tamil Nadu,Namakkal,,574,47771,0,458,46739,"{'confirmed': 37, 'deceased': 0, 'recovered': 57}",37,0,57
633,Tamil Nadu,Nilgiris,,493,31048,0,186,30369,"{'confirmed': 43, 'deceased': 0, 'recovered': 51}",43,0,51
634,Tamil Nadu,Perambalur,,109,11579,0,225,11245,"{'confirmed': 10, 'deceased': 0, 'recovered': 10}",10,0,10
635,Tamil Nadu,Pudukkottai,,356,28533,0,372,27805,"{'confirmed': 39, 'deceased': 0, 'recovered': 23}",39,0,23
636,Tamil Nadu,Ramanathapuram,,94,20110,0,351,19665,"{'confirmed': 6, 'deceased': 0, 'recovered': 13}",6,0,13
637,Tamil Nadu,Ranipet,,216,42169,0,745,41208,"{'confirmed': 22, 'deceased': 0, 'recovered': 22}",22,0,22
638,Tamil Nadu,Salem,,843,94328,0,1597,91888,"{'confirmed': 86, 'deceased': 3, 'recovered': 87}",86,3,87
639,Tamil Nadu,Sivaganga,,229,19022,0,199,18594,"{'confirmed': 21, 'deceased': 0, 'recovered': 24}",21,0,24
640,Tamil Nadu,Tenkasi,,112,26928,0,484,26332,"{'confirmed': 9, 'deceased': 0, 'recovered': 11}",9,0,11
641,Tamil Nadu,Thanjavur,,995,68972,0,864,67113,"{'confirmed': 77, 'deceased': 2, 'recovered': 82}",77,2,82
642,Tamil Nadu,Theni,,120,43038,0,514,42404,"{'confirmed': 13, 'deceased': 0, 'recovered': 14}",13,0,14
643,Tamil Nadu,Thiruvallur,,941,114461,0,1766,111754,"{'confirmed': 100, 'deceased': 1, 'recovered': 83}",100,1,83
644,Tamil Nadu,Thiruvarur,,432,38327,0,376,37519,"{'confirmed': 40, 'deceased': 1, 'recovered': 38}",40,1,38
645,Tamil Nadu,Thoothukkudi,,196,55274,0,398,54680,"{'confirmed': 18, 'deceased': 0, 'recovered': 21}",18,0,21
646,Tamil Nadu,Tiruchirappalli,,749,73209,0,979,71481,"{'confirmed': 74, 'deceased': 3, 'recovered': 74}",74,3,74
647,Tamil Nadu,Tirunelveli,,252,48151,0,430,47469,"{'confirmed': 14, 'deceased': 0, 'recovered': 26}",14,0,26
648,Tamil Nadu,Tirupathur,,178,28410,0,604,27628,"{'confirmed': 10, 'deceased': 0, 'recovered': 19}",10,0,19
649,Tamil Nadu,Tiruppur,,857,88754,0,876,87021,"{'confirmed': 78, 'deceased': 2, 'recovered': 67}",78,2,67
650,Tamil Nadu,Tiruvannamalai,,503,52586,0,641,51442,"{'confirmed': 52, 'deceased': 1, 'recovered': 66}",52,1,66
651,Tamil Nadu,Vellore,,308,48356,0,1097,46951,"{'confirmed': 39, 'deceased': 1, 'recovered': 27}",39,1,27
652,Tamil Nadu,Viluppuram,,358,44205,0,341,43506,"{'confirmed': 37, 'deceased': 0, 'recovered': 33}",37,0,33
653,Tamil Nadu,Virudhunagar,,137,45628,0,542,44949,"{'confirmed': 10, 'deceased': 1, 'recovered': 20}",10,1,20
654,Tamil Nadu,Mayiladuthurai,,259,21325,0,271,20795,"{'confirmed': 25, 'deceased': 0, 'recovered': 24}",25,0,24
655,Tripura,Dhalai,,107,6866,1,34,6724,"{'confirmed': 17, 'deceased': 0, 'recovered': 14}",17,0,14
656,Tripura,Gomati,,252,7796,4,71,7469,"{'confirmed': 20, 'deceased': 1, 'recovered': 23}",20,1,23
657,Tripura,Khowai,,76,4466,0,52,4338,"{'confirmed': 12, 'deceased': 0, 'recovered': 11}",12,0,11
658,Tripura,North Tripura,,182,6912,7,32,6691,"{'confirmed': 34, 'deceased': 0, 'recovered': 23}",34,0,23
659,Tripura,Sipahijala,,83,6118,1,74,5960,"{'confirmed': 6, 'deceased': 0, 'recovered': 10}",6,0,10
660,Tripura,South Tripura,,277,9759,3,45,9434,"{'confirmed': 31, 'deceased': 0, 'recovered': 25}",31,0,25
661,Tripura,Unokoti,,299,8209,4,58,7848,"{'confirmed': 50, 'deceased': 0, 'recovered': 25}",50,0,25
662,Tripura,West Tripura,,800,30531,43,404,29284,"{'confirmed': 74, 'deceased': 1, 'recovered': 79}",74,1,79
663,Uttar Pradesh,Agra,,8,25734,0,457,25269,"{'confirmed': 0, 'deceased': 0, 'recovered': 0}",0,0,0
664,Uttar Pradesh,Aligarh,,0,21276,0,108,21168,"{'confirmed': 0, 'deceased': 0, 'recovered': 0}",0,0,0
665,Uttar Pradesh,Ambedkar Nagar,,5,5028,0,150,4873,"{'confirmed': 2, 'deceased': 0, 'recovered': 0}",2,0,0
666,Uttar Pradesh,Amethi,,0,9958,0,143,9815,"{'confirmed': 0, 'deceased': 0, 'recovered': 0}",0,0,0
667,Uttar Pradesh,Amroha,,2,16610,0,203,16405,"{'confirmed': 0, 'deceased': 0, 'recovered': 0}",0,0,0
668,Uttar Pradesh,Auraiya,,1,10079,0,203,9875,"{'confirmed': 0, 'deceased': 0, 'recovered': 0}",0,0,0
669,Uttar Pradesh,Ayodhya,,2,16912,0,290,16620,"{'confirmed': 0, 'deceased': 0, 'recovered': 1}",0,0,1
670,Uttar Pradesh,Azamgarh,,4,17886,0,228,17654,"{'confirmed': 0, 'deceased': 0, 'recovered': 0}",0,0,0
671,Uttar Pradesh,Baghpat,,2,9128,0,141,8985,"{'confirmed': 0, 'deceased': 0, 'recovered': 1}",0,0,1
672,Uttar Pradesh,Bahraich,,2,11546,0,178,11366,"{'confirmed': 0, 'deceased': 0, 'recovered': 1}",0,0,1
673,Uttar Pradesh,Ballia,,1,21606,0,233,21372,"{'confirmed': 0, 'deceased': 0, 'recovered': 0}",0,0,0
674,Uttar Pradesh,Balrampur,,3,7487,0,138,7346,"{'confirmed': 1, 'deceased': 0, 'recovered': 0}",1,0,0
675,Uttar Pradesh,Banda,,1,10985,0,153,10831,"{'confirmed': 0, 'deceased': 0, 'recovered': 0}",0,0,0
676,Uttar Pradesh,Barabanki,,8,19832,0,225,19599,"{'confirmed': 0, 'deceased': 0, 'recovered': 1}",0,0,1
677,Uttar Pradesh,Bareilly,,3,43970,0,376,43591,"{'confirmed': -1, 'deceased': 0, 'recovered': 0}",-1,0,0
678,Uttar Pradesh,Basti,,1,11714,0,330,11383,"{'confirmed': 0, 'deceased': 0, 'recovered': 0}",0,0,0
679,Uttar Pradesh,Bhadohi,,2,7717,0,163,7552,"{'confirmed': 0, 'deceased': 0, 'recovered': 0}",0,0,0
680,Uttar Pradesh,Bijnor,,1,14788,0,108,14679,"{'confirmed': 0, 'deceased': 0, 'recovered': 0}",0,0,0
681,Uttar Pradesh,Budaun,,1,14924,0,98,14825,"{'confirmed': 0, 'deceased': 0, 'recovered': 0}",0,0,0
682,Uttar Pradesh,Bulandshahr,,2,20201,0,241,19958,"{'confirmed': 0, 'deceased': 0, 'recovered': 0}",0,0,0
683,Uttar Pradesh,Chandauli,,3,16198,0,356,15839,"{'confirmed': 0, 'deceased': 0, 'recovered': 0}",0,0,0
684,Uttar Pradesh,Chitrakoot,,0,7106,0,79,7027,"{'confirmed': 0, 'deceased': 0, 'recovered': 0}",0,0,0
685,Uttar Pradesh,Deoria,,6,20212,0,218,19988,"{'confirmed': 0, 'deceased': 0, 'recovered': 2}",0,0,2
686,Uttar Pradesh,Etah,,0,9963,0,98,9865,"{'confirmed': 0, 'deceased': 0, 'recovered': 0}",0,0,0
687,Uttar Pradesh,Etawah,,3,13928,0,293,13632,"{'confirmed': 1, 'deceased': 0, 'recovered': 0}",1,0,0
688,Uttar Pradesh,Farrukhabad,,2,10340,0,194,10144,"{'confirmed': 0, 'deceased': 0, 'recovered': 0}",0,0,0
689,Uttar Pradesh,Fatehpur,,3,6800,0,139,6658,"{'confirmed': 0, 'deceased': 0, 'recovered': 0}",0,0,0
690,Uttar Pradesh,Firozabad,,0,8715,0,135,8580,"{'confirmed': 0, 'deceased': 0, 'recovered': 0}",0,0,0
691,Uttar Pradesh,Gautam Buddha Nagar,,16,63228,0,466,62746,"{'confirmed': 4, 'deceased': 0, 'recovered': 1}",4,0,1
692,Uttar Pradesh,Ghaziabad,,11,55622,0,461,55150,"{'confirmed': 2, 'deceased': 0, 'recovered': 1}",2,0,1
693,Uttar Pradesh,Ghazipur,,10,21636,0,281,21345,"{'confirmed': 1, 'deceased': 0, 'recovered': 0}",1,0,0
694,Uttar Pradesh,Gonda,,0,12281,0,261,12020,"{'confirmed': 0, 'deceased': 0, 'recovered': 0}",0,0,0
695,Uttar Pradesh,Gorakhpur,,14,59377,0,848,58515,"{'confirmed': 1, 'deceased': 0, 'recovered': 3}",1,0,3
696,Uttar Pradesh,Hamirpur,,1,5229,0,101,5127,"{'confirmed': 0, 'deceased': 0, 'recovered': 0}",0,0,0
697,Uttar Pradesh,Hapur,,4,12628,0,217,12407,"{'confirmed': 0, 'deceased': 0, 'recovered': 1}",0,0,1
698,Uttar Pradesh,Hardoi,,3,13754,0,349,13402,"{'confirmed': 0, 'deceased': 0, 'recovered': 0}",0,0,0
699,Uttar Pradesh,Hathras,,0,2917,0,43,2874,"{'confirmed': 0, 'deceased': 0, 'recovered': 0}",0,0,0
700,Uttar Pradesh,Jalaun,,5,11661,0,202,11454,"{'confirmed': 0, 'deceased': 0, 'recovered': 0}",0,0,0
701,Uttar Pradesh,Jaunpur,,9,22568,0,234,22325,"{'confirmed': 0, 'deceased': 0, 'recovered': 0}",0,0,0
702,Uttar Pradesh,Jhansi,,7,36539,0,663,35869,"{'confirmed': 1, 'deceased': 0, 'recovered': 0}",1,0,0
703,Uttar Pradesh,Kannauj,,5,9220,0,114,9101,"{'confirmed': 1, 'deceased': 0, 'recovered': 0}",1,0,0
704,Uttar Pradesh,Kanpur Dehat,,5,6189,0,110,6074,"{'confirmed': 0, 'deceased': 0, 'recovered': 0}",0,0,0
705,Uttar Pradesh,Kanpur Nagar,,15,82893,0,1904,80974,"{'confirmed': 1, 'deceased': 0, 'recovered': 2}",1,0,2
706,Uttar Pradesh,Kasganj,,0,4247,0,53,4194,"{'confirmed': 0, 'deceased': 0, 'recovered': 1}",0,0,1
707,Uttar Pradesh,Kaushambi,,2,4416,0,68,4346,"{'confirmed': 0, 'deceased': 0, 'recovered': 0}",0,0,0
708,Uttar Pradesh,Kushinagar,,37,15610,0,228,15345,"{'confirmed': 0, 'deceased': 0, 'recovered': 12}",0,0,12
709,Uttar Pradesh,Lakhimpur Kheri,,10,24405,0,292,24103,"{'confirmed': 0, 'deceased': 0, 'recovered': 3}",0,0,3
710,Uttar Pradesh,Lalitpur,,1,12734,0,128,12605,"{'confirmed': 0, 'deceased': 0, 'recovered': 0}",0,0,0
711,Uttar Pradesh,Lucknow,,54,238644,0,2651,235939,"{'confirmed': 2, 'deceased': 0, 'recovered': 7}",2,0,7
712,Uttar Pradesh,Maharajganj,,14,12394,0,138,12242,"{'confirmed': 3, 'deceased': 0, 'recovered': 0}",3,0,0
713,Uttar Pradesh,Mahoba,,1,4268,0,86,4181,"{'confirmed': 0, 'deceased': 0, 'recovered': 0}",0,0,0
714,Uttar Pradesh,Mainpuri,,36,10017,0,182,9799,"{'confirmed': 1, 'deceased': 1, 'recovered': 0}",1,1,0
715,Uttar Pradesh,Mathura,,40,20273,0,368,19865,"{'confirmed': 1, 'deceased': 0, 'recovered': 0}",1,0,0
716,Uttar Pradesh,Mau,,1,8323,0,80,8242,"{'confirmed': 0, 'deceased': 0, 'recovered': 0}",0,0,0
717,Uttar Pradesh,Meerut,,7,69420,0,897,68516,"{'confirmed': -1, 'deceased': 0, 'recovered': 3}",-1,0,3
718,Uttar Pradesh,Mirzapur,,2,11082,0,116,10964,"{'confirmed': 0, 'deceased': 0, 'recovered': 0}",0,0,0
719,Uttar Pradesh,Moradabad,,5,39094,0,349,38740,"{'confirmed': 0, 'deceased': 0, 'recovered': 0}",0,0,0
720,Uttar Pradesh,Muzaffarnagar,,6,30999,0,269,30724,"{'confirmed': 0, 'deceased': 0, 'recovered': 0}",0,0,0
721,Uttar Pradesh,Pilibhit,,0,11027,0,193,10834,"{'confirmed': 0, 'deceased': 0, 'recovered': 0}",0,0,0
722,Uttar Pradesh,Pratapgarh,,0,16023,0,161,15862,"{'confirmed': 0, 'deceased': 0, 'recovered': 0}",0,0,0
723,Uttar Pradesh,Prayagraj,,34,78607,0,1074,77499,"{'confirmed': 2, 'deceased': 0, 'recovered': 0}",2,0,0
724,Uttar Pradesh,Rae Bareli,,31,17074,0,320,16723,"{'confirmed': 0, 'deceased': 0, 'recovered': 0}",0,0,0
725,Uttar Pradesh,Rampur,,6,11817,0,146,11665,"{'confirmed': 2, 'deceased': 0, 'recovered': 0}",2,0,0
726,Uttar Pradesh,Saharanpur,,2,32749,0,420,32327,"{'confirmed': 0, 'deceased': 0, 'recovered': 1}",0,0,1
727,Uttar Pradesh,Sambhal,,2,9436,0,105,9329,"{'confirmed': 0, 'deceased': 0, 'recovered': 0}",0,0,0
728,Uttar Pradesh,Sant Kabir Nagar,,1,8157,0,98,8058,"{'confirmed': 0, 'deceased': 0, 'recovered': 0}",0,0,0
729,Uttar Pradesh,Shahjahanpur,,4,20352,0,443,19905,"{'confirmed': 0, 'deceased': 0, 'recovered': 0}",0,0,0
730,Uttar Pradesh,Shamli,,0,12974,0,45,12929,"{'confirmed': 0, 'deceased': 0, 'recovered': 1}",0,0,1
731,Uttar Pradesh,Shrawasti,,2,4385,0,35,4348,"{'confirmed': 0, 'deceased': 0, 'recovered': 0}",0,0,0
732,Uttar Pradesh,Siddharthnagar,,5,9364,0,100,9259,"{'confirmed': 0, 'deceased': 0, 'recovered': 0}",0,0,0
733,Uttar Pradesh,Sitapur,,1,12392,0,185,12206,"{'confirmed': 0, 'deceased': 0, 'recovered': 0}",0,0,0
734,Uttar Pradesh,Sonbhadra,,0,16799,0,251,16548,"{'confirmed': 0, 'deceased': 0, 'recovered': 13}",0,0,13
735,Uttar Pradesh,Sultanpur,,6,14907,0,138,14763,"{'confirmed': 0, 'deceased': 0, 'recovered': 0}",0,0,0
736,Uttar Pradesh,Unnao,,3,14996,0,254,14739,"{'confirmed': 0, 'deceased': 0, 'recovered': 1}",0,0,1
737,Uttar Pradesh,Varanasi,,21,85466,0,971,84474,"{'confirmed': 0, 'deceased': 0, 'recovered': 7}",0,0,7
738,Uttarakhand,Almora,,6,12139,607,194,11332,"{'confirmed': 2, 'deceased': 0, 'recovered': 0}",2,0,0
739,Uttarakhand,Bageshwar,,16,5709,25,60,5608,"{'confirmed': 8, 'deceased': 0, 'recovered': 4}",8,0,4
740,Uttarakhand,Chamoli,,53,12144,202,62,11827,"{'confirmed': 4, 'deceased': 0, 'recovered': 1}",4,0,1
741,Uttarakhand,Champawat,,34,7547,166,53,7294,"{'confirmed': 2, 'deceased': 0, 'recovered': 0}",2,0,0
742,Uttarakhand,Dehradun,,171,111951,576,3512,107692,"{'confirmed': 7, 'deceased': 1, 'recovered': 14}",7,1,14
743,Uttarakhand,Haridwar,,9,51397,1364,1004,49020,"{'confirmed': 3, 'deceased': 0, 'recovered': 8}",3,0,8
744,Uttarakhand,Nainital,,7,39078,128,943,38000,"{'confirmed': 2, 'deceased': 0, 'recovered': 2}",2,0,2
745,Uttarakhand,Pauri Garhwal,,10,17541,701,313,16517,"{'confirmed': 1, 'deceased': 0, 'recovered': 5}",1,0,5
746,Uttarakhand,Pithoragarh,,58,10162,104,180,9820,"{'confirmed': 6, 'deceased': 0, 'recovered': 2}",6,0,2
747,Uttarakhand,Rudraprayag,,23,8740,144,106,8467,"{'confirmed': 2, 'deceased': 0, 'recovered': 4}",2,0,4
748,Uttarakhand,Tehri Garhwal,,6,15818,889,107,14816,"{'confirmed': 0, 'deceased': 0, 'recovered': 0}",0,0,0
749,Uttarakhand,Udham Singh Nagar,,23,37808,794,761,36230,"{'confirmed': 2, 'deceased': 0, 'recovered': 5}",2,0,5
750,Uttarakhand,Uttarkashi,,19,12468,340,74,12035,"{'confirmed': 1, 'deceased': 0, 'recovered': 3}",1,0,3
751,West Bengal,Alipurduar,,243,15027,0,99,14685,"{'confirmed': 16, 'deceased': 0, 'recovered': 18}",16,0,18
752,West Bengal,Bankura,,366,34724,0,261,34097,"{'confirmed': 13, 'deceased': 0, 'recovered': 28}",13,0,28
753,West Bengal,Birbhum,,130,40424,0,285,40009,"{'confirmed': 9, 'deceased': 0, 'recovered': 10}",9,0,10
754,West Bengal,Cooch Behar,,536,27938,0,95,27307,"{'confirmed': 33, 'deceased': 0, 'recovered': 39}",33,0,39
755,West Bengal,Dakshin Dinajpur,,103,16976,0,168,16705,"{'confirmed': 7, 'deceased': 0, 'recovered': 8}",7,0,8
756,West Bengal,Darjeeling,,998,54050,0,502,52550,"{'confirmed': 71, 'deceased': 0, 'recovered': 73}",71,0,73
757,West Bengal,Hooghly,,565,82138,0,924,80649,"{'confirmed': 28, 'deceased': 0, 'recovered': 43}",28,0,43
758,West Bengal,Howrah,,522,94880,0,1486,92872,"{'confirmed': 57, 'deceased': 0, 'recovered': 38}",57,0,38
759,West Bengal,Jalpaiguri,,626,40269,0,542,39101,"{'confirmed': 37, 'deceased': 0, 'recovered': 46}",37,0,46
760,West Bengal,Jhargram,,308,11429,0,27,11094,"{'confirmed': 8, 'deceased': 0, 'recovered': 24}",8,0,24
761,West Bengal,Kalimpong,,274,6513,0,44,6195,"{'confirmed': 2, 'deceased': 1, 'recovered': 21}",2,1,21
762,West Bengal,Kolkata,,835,311183,0,4981,305367,"{'confirmed': 78, 'deceased': 0, 'recovered': 59}",78,0,59
763,West Bengal,Malda,,67,32700,0,185,32448,"{'confirmed': 5, 'deceased': 0, 'recovered': 5}",5,0,5
764,West Bengal,Murshidabad,,58,33633,0,322,33253,"{'confirmed': 2, 'deceased': 0, 'recovered': 4}",2,0,4
765,West Bengal,Nadia,,648,69668,0,718,68302,"{'confirmed': 39, 'deceased': 3, 'recovered': 48}",39,3,48
766,West Bengal,North 24 Parganas,,1213,320162,0,4591,314358,"{'confirmed': 89, 'deceased': 1, 'recovered': 88}",89,1,88
767,West Bengal,Other State,,0,66,0,3,63,"{'confirmed': 0, 'deceased': 0, 'recovered': 0}",0,0,0
768,West Bengal,Paschim Bardhaman,,203,56402,0,347,55852,"{'confirmed': 18, 'deceased': 0, 'recovered': 15}",18,0,15
769,West Bengal,Paschim Medinipur,,595,51094,0,493,50006,"{'confirmed': 38, 'deceased': 1, 'recovered': 44}",38,1,44
770,West Bengal,Purba Bardhaman,,342,40241,0,184,39715,"{'confirmed': 16, 'deceased': 0, 'recovered': 26}",16,0,26
771,West Bengal,Purba Medinipur,,692,60872,0,378,59802,"{'confirmed': 53, 'deceased': 0, 'recovered': 50}",53,0,50
772,West Bengal,Purulia,,55,19205,0,112,19038,"{'confirmed': 3, 'deceased': 0, 'recovered': 4}",3,0,4
773,West Bengal,South 24 Parganas,,658,96592,0,1278,94656,"{'confirmed': 63, 'deceased': 0, 'recovered': 46}",63,0,46
774,West Bengal,Uttar Dinajpur,,126,19513,0,233,19154,"{'confirmed': 15, 'deceased': 0, 'recovered': 9}",15,0,9
